from,to,Mean (data),Std (data),Mean (ref.),Std (ref.),Error
L1_DAC,L1_DAC,15.0,7.3,,,
L1_DAC,L1_HAC,13.7,7.31,,,
L1_DAC,L1_LAC,14.5,4.94,,,
L1_DAC,L1_NGC-DA,15.6,6.63,,,
L1_DAC,L1_NGC-SA,13.2,4.96,,,
L1_DAC,L1_SAC,12.0,4.91,,,
L1_DAC,L23_BP,1.13,0.365,,,
L1_DAC,L23_BTC,9.47,3.05,,,
L1_DAC,L23_CHC,11.7,4.36,,,
L1_DAC,L23_DBC,1.09,0.319,,,
L1_DAC,L23_LBC,10.6,4.29,,,
L1_DAC,L23_MC,11.5,5.75,,,
L1_DAC,L23_NBC,9.83,5.0,,,
L1_DAC,L23_NGC,6.86,2.62,,,
L1_DAC,L23_SBC,8.03,3.25,,,
L1_DAC,L2_IPC,12.9,7.93,,,
L1_DAC,L2_TPC:A,11.8,5.43,,,
L1_DAC,L2_TPC:B,13.3,5.7,,,
L1_DAC,L3_TPC:A,10.1,5.04,,,
L1_DAC,L3_TPC:C,6.77,2.79,,,
L1_DAC,L4_BTC,2.42,0.872,,,
L1_DAC,L4_CHC,1.06,0.22899999999999998,,,
L1_DAC,L4_DBC,1.05,0.324,,,
L1_DAC,L4_LBC,2.31,0.935,,,
L1_DAC,L4_MC,2.49,0.9109999999999999,,,
L1_DAC,L4_NBC,2.76,1.31,,,
L1_DAC,L4_NGC,1.12,0.331,,,
L1_DAC,L4_SBC,5.62,2.69,,,
L1_DAC,L4_SSC,1.88,0.852,,,
L1_DAC,L4_TPC,6.25,2.23,,,
L1_DAC,L4_UPC,2.52,0.9640000000000001,,,
L1_DAC,L5_BP,1.0,0.0,,,
L1_DAC,L5_BTC,1.1,0.3,,,
L1_DAC,L5_CHC,4.0,0.0,,,
L1_DAC,L5_DBC,1.0,0.0,,,
L1_DAC,L5_LBC,1.03,0.171,,,
L1_DAC,L5_MC,1.03,0.162,,,
L1_DAC,L5_NBC,1.07,0.292,,,
L1_DAC,L5_SBC,1.0,0.0,,,
L1_DAC,L5_TPC:A,12.9,5.08,,,
L1_DAC,L5_TPC:B,12.1,4.1,,,
L1_DAC,L5_TPC:C,8.13,3.47,,,
L1_DAC,L5_UPC,1.11,0.397,,,
L1_DAC,L6_BPC,1.19,0.462,,,
L1_DAC,L6_LBC,1.0,0.0,,,
L1_DAC,L6_MC,1.18,0.575,,,
L1_DAC,L6_NBC,1.0,0.0,,,
L1_DAC,L6_TPC:A,1.11,0.42200000000000004,,,
L1_DAC,L6_TPC:C,1.1,0.3,,,
L1_DAC,L6_UPC,1.06,0.237,,,
L1_HAC,L1_DAC,13.4,4.81,,,
L1_HAC,L1_HAC,14.6,5.0,,,
L1_HAC,L1_LAC,15.6,6.53,,,
L1_HAC,L1_NGC-DA,15.8,7.15,,,
L1_HAC,L1_NGC-SA,14.6,7.29,,,
L1_HAC,L1_SAC,12.8,5.67,,,
L1_HAC,L23_BP,1.1,0.3,,,
L1_HAC,L23_BTC,9.8,4.16,,,
L1_HAC,L23_CHC,12.7,6.23,,,
L1_HAC,L23_DBC,1.37,0.73,,,
L1_HAC,L23_LBC,11.5,5.57,,,
L1_HAC,L23_MC,12.9,5.82,,,
L1_HAC,L23_NBC,11.7,5.89,,,
L1_HAC,L23_NGC,8.8,3.64,,,
L1_HAC,L23_SBC,9.92,6.25,,,
L1_HAC,L2_IPC,13.3,6.95,,,
L1_HAC,L2_TPC:A,11.9,4.18,,,
L1_HAC,L2_TPC:B,15.4,7.66,,,
L1_HAC,L3_TPC:A,8.47,4.18,,,
L1_HAC,L3_TPC:C,5.34,1.75,,,
L1_HAC,L4_BTC,1.0,0.0,,,
L1_HAC,L4_DBC,1.28,0.731,,,
L1_HAC,L4_LBC,1.0,0.0,,,
L1_HAC,L4_MC,1.0,0.0,,,
L1_HAC,L4_SBC,1.0,0.0,,,
L1_HAC,L4_SSC,1.0,0.0,,,
L1_HAC,L4_TPC,5.89,2.77,,,
L1_HAC,L4_UPC,1.14,0.34700000000000003,,,
L1_HAC,L5_BTC,1.12,0.321,,,
L1_HAC,L5_DBC,1.0,0.0,,,
L1_HAC,L5_TPC:A,12.5,5.32,,,
L1_HAC,L5_TPC:B,12.9,4.95,,,
L1_HAC,L5_TPC:C,8.04,2.73,,,
L1_HAC,L5_UPC,1.19,0.523,,,
L1_HAC,L6_BPC,1.0,0.0,,,
L1_HAC,L6_MC,1.0,0.0,,,
L1_HAC,L6_TPC:A,1.14,0.425,,,
L1_HAC,L6_TPC:C,1.12,0.40299999999999997,,,
L1_HAC,L6_UPC,1.16,0.447,,,
L1_LAC,L1_DAC,16.3,6.99,,,
L1_LAC,L1_HAC,15.7,5.6,,,
L1_LAC,L1_LAC,16.6,6.24,,,
L1_LAC,L1_NGC-DA,16.8,6.35,,,
L1_LAC,L1_NGC-SA,15.8,6.24,,,
L1_LAC,L1_SAC,14.6,5.22,,,
L1_LAC,L23_BP,1.08,0.366,,,
L1_LAC,L23_BTC,11.9,4.85,,,
L1_LAC,L23_CHC,14.1,4.71,,,
L1_LAC,L23_DBC,4.45,2.24,,,
L1_LAC,L23_LBC,14.7,7.44,,,
L1_LAC,L23_MC,15.6,6.07,,,
L1_LAC,L23_NBC,13.8,5.94,,,
L1_LAC,L23_NGC,10.5,3.44,,,
L1_LAC,L23_SBC,12.8,7.43,,,
L1_LAC,L2_IPC,18.6,12.4,,,
L1_LAC,L2_TPC:A,16.9,9.0,,,
L1_LAC,L2_TPC:B,20.3,10.4,,,
L1_LAC,L3_TPC:A,11.7,4.25,,,
L1_LAC,L3_TPC:C,7.07,2.52,,,
L1_LAC,L4_BTC,1.0,0.0,,,
L1_LAC,L4_DBC,1.23,0.42100000000000004,,,
L1_LAC,L4_LBC,1.0,0.0,,,
L1_LAC,L4_MC,1.11,0.314,,,
L1_LAC,L4_NBC,1.5,0.5,,,
L1_LAC,L4_SBC,1.0,0.0,,,
L1_LAC,L4_SSC,1.16,0.423,,,
L1_LAC,L4_TPC,7.33,2.35,,,
L1_LAC,L4_UPC,1.4,0.693,,,
L1_LAC,L5_BTC,2.87,1.26,,,
L1_LAC,L5_DBC,1.14,0.35,,,
L1_LAC,L5_LBC,2.0,0.0,,,
L1_LAC,L5_NBC,1.0,0.0,,,
L1_LAC,L5_TPC:A,14.9,5.55,,,
L1_LAC,L5_TPC:B,14.6,5.87,,,
L1_LAC,L5_TPC:C,8.59,2.58,,,
L1_LAC,L5_UPC,1.05,0.218,,,
L1_LAC,L6_BPC,1.0,0.0,,,
L1_LAC,L6_TPC:A,1.13,0.365,,,
L1_LAC,L6_TPC:C,1.12,0.326,,,
L1_LAC,L6_UPC,1.09,0.287,,,
L1_NGC-DA,L1_DAC,17.8,7.27,,,
L1_NGC-DA,L1_HAC,18.6,8.73,,,
L1_NGC-DA,L1_LAC,20.5,9.91,,,
L1_NGC-DA,L1_NGC-DA,21.5,11.9,,,
L1_NGC-DA,L1_NGC-SA,19.8,9.86,,,
L1_NGC-DA,L1_SAC,16.6,8.14,,,
L1_NGC-DA,L23_BP,2.65,1.09,,,
L1_NGC-DA,L23_BTC,13.1,5.39,,,
L1_NGC-DA,L23_CHC,17.5,9.29,,,
L1_NGC-DA,L23_DBC,5.63,2.99,,,
L1_NGC-DA,L23_LBC,16.8,11.6,,,
L1_NGC-DA,L23_MC,17.9,8.42,,,
L1_NGC-DA,L23_NBC,15.2,8.94,,,
L1_NGC-DA,L23_NGC,10.9,4.48,,,
L1_NGC-DA,L23_SBC,11.9,6.99,,,
L1_NGC-DA,L2_IPC,17.2,11.4,,,
L1_NGC-DA,L2_TPC:A,17.1,8.5,,,
L1_NGC-DA,L2_TPC:B,18.4,8.64,,,
L1_NGC-DA,L3_TPC:A,12.7,4.97,,,
L1_NGC-DA,L3_TPC:C,7.94,2.94,,,
L1_NGC-DA,L4_BTC,1.14,0.35,,,
L1_NGC-DA,L4_DBC,1.18,0.386,,,
L1_NGC-DA,L4_LBC,1.0,0.0,,,
L1_NGC-DA,L4_MC,1.0,0.0,,,
L1_NGC-DA,L4_NBC,1.0,0.0,,,
L1_NGC-DA,L4_SBC,1.5,0.5,,,
L1_NGC-DA,L4_SSC,1.18,0.452,,,
L1_NGC-DA,L4_TPC,9.04,3.46,,,
L1_NGC-DA,L4_UPC,3.09,1.49,,,
L1_NGC-DA,L5_BTC,4.0,1.26,,,
L1_NGC-DA,L5_DBC,3.0,1.0,,,
L1_NGC-DA,L5_LBC,1.0,0.0,,,
L1_NGC-DA,L5_NBC,1.0,0.0,,,
L1_NGC-DA,L5_TPC:A,18.7,11.7,,,
L1_NGC-DA,L5_TPC:B,14.4,5.26,,,
L1_NGC-DA,L5_TPC:C,10.9,3.7,,,
L1_NGC-DA,L5_UPC,2.48,0.922,,,
L1_NGC-DA,L6_BPC,1.0,0.0,,,
L1_NGC-DA,L6_MC,1.33,0.47100000000000003,,,
L1_NGC-DA,L6_TPC:A,1.09,0.377,,,
L1_NGC-DA,L6_TPC:C,1.08,0.33399999999999996,,,
L1_NGC-DA,L6_UPC,1.15,0.493,,,
L1_NGC-SA,L1_DAC,13.2,5.16,,,
L1_NGC-SA,L1_HAC,14.6,5.55,,,
L1_NGC-SA,L1_LAC,14.6,4.83,,,
L1_NGC-SA,L1_NGC-DA,15.8,6.88,,,
L1_NGC-SA,L1_NGC-SA,14.7,5.85,,,
L1_NGC-SA,L1_SAC,12.2,4.96,,,
L1_NGC-SA,L23_BP,1.15,0.385,,,
L1_NGC-SA,L23_BTC,9.26,4.03,,,
L1_NGC-SA,L23_CHC,11.6,4.55,,,
L1_NGC-SA,L23_DBC,1.27,0.6609999999999999,,,
L1_NGC-SA,L23_LBC,12.3,6.27,,,
L1_NGC-SA,L23_MC,11.3,4.18,,,
L1_NGC-SA,L23_NBC,11.7,5.41,,,
L1_NGC-SA,L23_NGC,8.44,3.48,,,
L1_NGC-SA,L23_SBC,9.0,4.61,,,
L1_NGC-SA,L2_IPC,13.6,6.28,,,
L1_NGC-SA,L2_TPC:A,11.6,5.25,,,
L1_NGC-SA,L2_TPC:B,14.1,6.03,,,
L1_NGC-SA,L3_TPC:A,9.21,3.08,,,
L1_NGC-SA,L3_TPC:C,5.14,1.78,,,
L1_NGC-SA,L4_DBC,1.5,1.0,,,
L1_NGC-SA,L4_MC,1.0,0.0,,,
L1_NGC-SA,L4_SSC,1.0,0.0,,,
L1_NGC-SA,L4_TPC,6.06,2.58,,,
L1_NGC-SA,L4_UPC,1.11,0.34299999999999997,,,
L1_NGC-SA,L5_BTC,1.0,0.0,,,
L1_NGC-SA,L5_DBC,1.0,0.0,,,
L1_NGC-SA,L5_TPC:A,11.7,4.86,,,
L1_NGC-SA,L5_TPC:B,11.2,3.63,,,
L1_NGC-SA,L5_TPC:C,7.89,3.02,,,
L1_NGC-SA,L5_UPC,1.1,0.332,,,
L1_NGC-SA,L6_MC,1.0,0.0,,,
L1_NGC-SA,L6_TPC:A,1.11,0.371,,,
L1_NGC-SA,L6_TPC:C,1.0,0.0,,,
L1_NGC-SA,L6_UPC,1.0,0.0,,,
L1_SAC,L1_DAC,11.7,4.47,,,
L1_SAC,L1_HAC,12.3,4.39,,,
L1_SAC,L1_LAC,12.3,4.41,,,
L1_SAC,L1_NGC-DA,13.9,5.95,,,
L1_SAC,L1_NGC-SA,13.1,5.15,,,
L1_SAC,L1_SAC,11.1,4.56,,,
L1_SAC,L23_BP,1.03,0.18100000000000002,,,
L1_SAC,L23_BTC,9.88,5.37,,,
L1_SAC,L23_CHC,10.7,4.63,,,
L1_SAC,L23_DBC,2.79,1.34,,,
L1_SAC,L23_LBC,10.2,4.64,,,
L1_SAC,L23_MC,10.9,4.42,,,
L1_SAC,L23_NBC,11.2,5.52,,,
L1_SAC,L23_NGC,6.96,3.08,,,
L1_SAC,L23_SBC,8.56,4.01,,,
L1_SAC,L2_IPC,14.1,7.84,,,
L1_SAC,L2_TPC:A,12.3,6.66,,,
L1_SAC,L2_TPC:B,13.2,5.94,,,
L1_SAC,L3_TPC:A,7.82,2.73,,,
L1_SAC,L3_TPC:C,5.44,2.01,,,
L1_SAC,L4_BTC,1.0,0.0,,,
L1_SAC,L4_DBC,1.17,0.373,,,
L1_SAC,L4_LBC,1.0,0.0,,,
L1_SAC,L4_NBC,1.0,0.0,,,
L1_SAC,L4_SBC,1.0,0.0,,,
L1_SAC,L4_SSC,1.17,0.5,,,
L1_SAC,L4_TPC,5.3,1.81,,,
L1_SAC,L4_UPC,1.1,0.332,,,
L1_SAC,L5_BTC,1.1,0.3,,,
L1_SAC,L5_NBC,1.0,0.0,,,
L1_SAC,L5_TPC:A,12.0,6.27,,,
L1_SAC,L5_TPC:B,10.2,3.61,,,
L1_SAC,L5_TPC:C,6.48,2.63,,,
L1_SAC,L5_UPC,1.06,0.237,,,
L1_SAC,L6_BPC,1.0,0.0,,,
L1_SAC,L6_MC,1.0,0.0,,,
L1_SAC,L6_TPC:A,1.03,0.171,,,
L1_SAC,L6_TPC:C,1.16,0.36700000000000005,,,
L1_SAC,L6_UPC,1.5,0.764,,,
L23_BP,L1_SAC,4.0,0.0,,,
L23_BP,L23_BP,3.0,0.0,,,
L23_BP,L23_BTC,10.2,8.58,,,
L23_BP,L23_CHC,6.0,0.0,,,
L23_BP,L23_DBC,1.19,0.611,,,
L23_BP,L23_LBC,10.0,6.25,,,
L23_BP,L23_MC,12.9,6.65,,,
L23_BP,L23_NBC,7.51,3.53,,,
L23_BP,L23_NGC,5.33,1.25,,,
L23_BP,L23_SBC,11.9,6.53,,,
L23_BP,L2_IPC,5.51,2.04,,,
L23_BP,L2_TPC:A,1.14,0.395,,,
L23_BP,L2_TPC:B,1.12,0.431,,,
L23_BP,L3_TPC:A,8.95,3.53,,,
L23_BP,L3_TPC:C,8.82,3.43,,,
L23_BP,L4_BTC,8.85,5.91,,,
L23_BP,L4_CHC,6.5,0.5,,,
L23_BP,L4_DBC,6.5,0.5,,,
L23_BP,L4_LBC,7.93,4.56,,,
L23_BP,L4_MC,8.53,4.08,,,
L23_BP,L4_NBC,8.39,3.96,,,
L23_BP,L4_NGC,2.88,0.7809999999999999,,,
L23_BP,L4_SBC,11.4,3.95,,,
L23_BP,L4_SSC,7.27,4.51,,,
L23_BP,L4_TPC,8.7,3.61,,,
L23_BP,L4_UPC,9.19,4.06,,,
L23_BP,L5_BP,1.08,0.266,,,
L23_BP,L5_BTC,5.37,2.93,,,
L23_BP,L5_CHC,4.0,0.0,,,
L23_BP,L5_DBC,1.13,0.44799999999999995,,,
L23_BP,L5_LBC,4.47,1.88,,,
L23_BP,L5_MC,5.15,2.9,,,
L23_BP,L5_NBC,5.38,2.52,,,
L23_BP,L5_NGC,2.67,0.943,,,
L23_BP,L5_SBC,5.9,2.31,,,
L23_BP,L5_TPC:A,9.22,5.49,,,
L23_BP,L5_TPC:B,10.7,6.29,,,
L23_BP,L5_TPC:C,8.26,4.72,,,
L23_BP,L5_UPC,8.44,4.34,,,
L23_BP,L6_BPC,4.71,2.42,,,
L23_BP,L6_BTC,1.06,0.235,,,
L23_BP,L6_DBC,1.0,0.0,,,
L23_BP,L6_HPC,1.13,0.462,,,
L23_BP,L6_IPC,1.11,0.371,,,
L23_BP,L6_LBC,2.82,1.62,,,
L23_BP,L6_MC,5.44,2.22,,,
L23_BP,L6_NBC,1.42,1.25,,,
L23_BP,L6_SBC,3.0,0.0,,,
L23_BP,L6_TPC:A,5.92,3.1,,,
L23_BP,L6_TPC:C,7.78,4.16,,,
L23_BP,L6_UPC,5.72,3.12,,,
L23_BTC,L1_DAC,9.94,4.61,,,
L23_BTC,L1_HAC,9.41,3.96,,,
L23_BTC,L1_LAC,9.36,2.95,,,
L23_BTC,L1_NGC-DA,10.9,5.07,,,
L23_BTC,L1_NGC-SA,9.49,4.01,,,
L23_BTC,L1_SAC,12.1,6.68,,,
L23_BTC,L23_BP,2.55,0.887,,,
L23_BTC,L23_BTC,14.0,7.47,,,
L23_BTC,L23_CHC,13.9,6.14,,,
L23_BTC,L23_DBC,5.49,2.48,,,
L23_BTC,L23_LBC,14.4,6.94,,,
L23_BTC,L23_MC,14.7,7.08,,,
L23_BTC,L23_NBC,14.6,5.5,,,
L23_BTC,L23_NGC,9.34,4.58,,,
L23_BTC,L23_SBC,13.3,4.78,,,
L23_BTC,L2_IPC,19.5,8.15,,,
L23_BTC,L2_TPC:A,17.6,7.14,15.0,7.1,36.51685393258429
L23_BTC,L2_TPC:B,16.4,6.04,15.0,7.1,21.30898021308978
L23_BTC,L3_TPC:A,17.2,6.83,15.0,7.1,31.586503948312988
L23_BTC,L3_TPC:C,18.4,8.62,15.0,7.1,43.256997455470724
L23_BTC,L4_BP,9.15,3.16,,,
L23_BTC,L4_BTC,10.1,6.09,,,
L23_BTC,L4_CHC,9.59,4.92,,,
L23_BTC,L4_DBC,4.96,2.38,,,
L23_BTC,L4_LBC,9.63,3.86,,,
L23_BTC,L4_MC,11.0,7.63,,,
L23_BTC,L4_NBC,10.9,5.32,,,
L23_BTC,L4_NGC,4.26,2.61,,,
L23_BTC,L4_SBC,10.1,4.68,,,
L23_BTC,L4_SSC,9.65,4.33,,,
L23_BTC,L4_TPC,14.9,10.5,,,
L23_BTC,L4_UPC,11.2,5.61,,,
L23_BTC,L5_BP,1.12,0.40700000000000003,,,
L23_BTC,L5_BTC,6.11,2.52,,,
L23_BTC,L5_CHC,4.15,1.39,,,
L23_BTC,L5_DBC,1.1,0.332,,,
L23_BTC,L5_LBC,6.32,3.6,,,
L23_BTC,L5_MC,4.91,1.72,,,
L23_BTC,L5_NBC,6.19,3.22,,,
L23_BTC,L5_NGC,1.05,0.218,,,
L23_BTC,L5_SBC,4.81,1.86,,,
L23_BTC,L5_TPC:A,16.1,9.11,,,
L23_BTC,L5_TPC:B,15.0,8.25,,,
L23_BTC,L5_TPC:C,12.1,8.88,,,
L23_BTC,L5_UPC,8.5,3.8,,,
L23_BTC,L6_BP,1.09,0.287,,,
L23_BTC,L6_BPC,2.46,1.25,,,
L23_BTC,L6_BTC,2.04,1.02,,,
L23_BTC,L6_CHC,1.15,0.46,,,
L23_BTC,L6_DBC,1.08,0.32799999999999996,,,
L23_BTC,L6_HPC,1.09,0.319,,,
L23_BTC,L6_IPC,1.18,0.536,,,
L23_BTC,L6_LBC,1.14,0.5660000000000001,,,
L23_BTC,L6_MC,2.44,0.9620000000000001,,,
L23_BTC,L6_NBC,1.15,0.409,,,
L23_BTC,L6_NGC,1.0,0.0,,,
L23_BTC,L6_SBC,1.08,0.366,,,
L23_BTC,L6_TPC:A,4.74,2.81,,,
L23_BTC,L6_TPC:C,4.63,2.1,,,
L23_BTC,L6_UPC,1.11,0.34299999999999997,,,
L23_CHC,L2_IPC,4.18,4.36,,,
L23_CHC,L2_TPC:A,4.5,3.79,,,
L23_CHC,L2_TPC:B,5.48,5.8,,,
L23_CHC,L3_TPC:A,5.28,4.6,,,
L23_CHC,L3_TPC:C,4.88,4.3,,,
L23_CHC,L4_SSC,3.94,3.4,,,
L23_CHC,L4_TPC,4.24,4.9,,,
L23_CHC,L4_UPC,4.8,5.39,,,
L23_CHC,L5_TPC:A,7.55,9.2,,,
L23_CHC,L5_TPC:B,7.2,7.34,,,
L23_CHC,L5_TPC:C,6.57,7.53,,,
L23_CHC,L5_UPC,6.0,7.42,,,
L23_DBC,L1_DAC,8.29,4.03,,,
L23_DBC,L1_HAC,8.77,3.61,,,
L23_DBC,L1_LAC,9.27,3.25,,,
L23_DBC,L1_NGC-DA,9.46,4.44,,,
L23_DBC,L1_NGC-SA,10.5,5.81,,,
L23_DBC,L1_SAC,8.33,4.17,,,
L23_DBC,L23_BP,4.29,1.63,,,
L23_DBC,L23_BTC,13.8,6.64,,,
L23_DBC,L23_CHC,17.3,7.63,,,
L23_DBC,L23_DBC,5.68,2.67,,,
L23_DBC,L23_LBC,14.9,9.35,,,
L23_DBC,L23_MC,15.3,7.16,,,
L23_DBC,L23_NBC,13.4,7.08,,,
L23_DBC,L23_NGC,10.3,4.39,,,
L23_DBC,L23_SBC,14.0,7.96,,,
L23_DBC,L2_IPC,15.6,6.94,,,
L23_DBC,L2_TPC:A,12.8,5.7,,,
L23_DBC,L2_TPC:B,14.7,7.22,,,
L23_DBC,L3_TPC:A,14.4,6.7,,,
L23_DBC,L3_TPC:C,13.2,5.11,,,
L23_DBC,L4_BP,16.1,8.24,,,
L23_DBC,L4_BTC,12.7,7.49,,,
L23_DBC,L4_CHC,11.1,3.27,,,
L23_DBC,L4_DBC,6.64,1.17,,,
L23_DBC,L4_LBC,12.5,4.83,,,
L23_DBC,L4_MC,13.2,5.56,,,
L23_DBC,L4_NBC,12.9,5.78,,,
L23_DBC,L4_NGC,6.17,1.46,,,
L23_DBC,L4_SBC,12.9,5.37,,,
L23_DBC,L4_SSC,11.9,5.17,,,
L23_DBC,L4_TPC,14.1,5.52,,,
L23_DBC,L4_UPC,13.7,5.68,,,
L23_DBC,L5_BP,1.13,0.42700000000000005,,,
L23_DBC,L5_BTC,10.1,4.25,,,
L23_DBC,L5_CHC,9.0,6.89,,,
L23_DBC,L5_DBC,3.26,2.09,,,
L23_DBC,L5_LBC,9.87,5.6,,,
L23_DBC,L5_MC,10.1,5.68,,,
L23_DBC,L5_NBC,10.1,4.18,,,
L23_DBC,L5_NGC,4.72,1.28,,,
L23_DBC,L5_SBC,10.8,5.48,,,
L23_DBC,L5_TPC:A,18.5,9.32,,,
L23_DBC,L5_TPC:B,18.5,9.16,,,
L23_DBC,L5_TPC:C,14.6,6.08,,,
L23_DBC,L5_UPC,13.6,6.92,,,
L23_DBC,L6_BP,1.0,0.0,,,
L23_DBC,L6_BPC,7.43,4.16,,,
L23_DBC,L6_BTC,4.78,2.81,,,
L23_DBC,L6_CHC,3.1,0.943,,,
L23_DBC,L6_DBC,1.09,0.41700000000000004,,,
L23_DBC,L6_HPC,3.16,1.32,,,
L23_DBC,L6_IPC,3.92,2.05,,,
L23_DBC,L6_LBC,4.87,2.61,,,
L23_DBC,L6_MC,5.12,4.09,,,
L23_DBC,L6_NBC,4.54,2.17,,,
L23_DBC,L6_NGC,3.25,1.3,,,
L23_DBC,L6_SBC,4.29,1.91,,,
L23_DBC,L6_TPC:A,7.84,3.54,,,
L23_DBC,L6_TPC:C,8.23,3.38,,,
L23_DBC,L6_UPC,7.37,4.46,,,
L23_LBC,L1_DAC,13.8,6.99,,,
L23_LBC,L1_HAC,15.0,8.47,,,
L23_LBC,L1_LAC,16.5,8.37,,,
L23_LBC,L1_NGC-DA,17.2,8.06,,,
L23_LBC,L1_NGC-SA,15.6,7.14,,,
L23_LBC,L1_SAC,15.3,7.48,,,
L23_LBC,L23_BP,5.56,2.21,,,
L23_LBC,L23_BTC,19.3,13.7,,,
L23_LBC,L23_CHC,21.8,11.5,,,
L23_LBC,L23_DBC,8.79,3.64,,,
L23_LBC,L23_LBC,14.5,7.28,12.33,5.558,33.80588876772082
L23_LBC,L23_MC,18.1,7.74,,,
L23_LBC,L23_NBC,19.1,8.99,,,
L23_LBC,L23_NGC,13.6,5.27,,,
L23_LBC,L23_SBC,15.9,9.16,12.33,5.558,48.51202609050143
L23_LBC,L2_IPC,24.4,11.7,,,
L23_LBC,L2_TPC:A,19.5,10.5,14.5,2.0,80.0
L23_LBC,L2_TPC:B,18.4,8.72,14.5,2.0,72.76119402985073
L23_LBC,L3_TPC:A,20.2,12.3,14.5,2.0,79.7202797202797
L23_LBC,L3_TPC:C,21.5,13.8,14.5,2.0,88.60759493670885
L23_LBC,L4_BP,10.8,3.65,,,
L23_LBC,L4_BTC,10.7,5.34,,,
L23_LBC,L4_CHC,13.8,9.76,,,
L23_LBC,L4_DBC,6.23,3.59,,,
L23_LBC,L4_LBC,11.5,7.45,,,
L23_LBC,L4_MC,12.1,5.6,,,
L23_LBC,L4_NBC,13.4,11.0,,,
L23_LBC,L4_NGC,7.48,4.94,,,
L23_LBC,L4_SBC,12.4,7.12,,,
L23_LBC,L4_SSC,12.5,6.36,,,
L23_LBC,L4_TPC,14.6,7.55,,,
L23_LBC,L4_UPC,15.3,8.52,,,
L23_LBC,L5_BP,1.15,0.49700000000000005,,,
L23_LBC,L5_BTC,7.64,4.62,,,
L23_LBC,L5_CHC,7.41,6.07,,,
L23_LBC,L5_DBC,1.14,0.44799999999999995,,,
L23_LBC,L5_LBC,7.46,5.51,,,
L23_LBC,L5_MC,6.88,3.25,,,
L23_LBC,L5_NBC,7.24,2.89,,,
L23_LBC,L5_NGC,2.97,1.39,,,
L23_LBC,L5_SBC,6.8,3.89,,,
L23_LBC,L5_TPC:A,19.1,9.62,,,
L23_LBC,L5_TPC:B,19.1,7.86,,,
L23_LBC,L5_TPC:C,12.8,7.22,,,
L23_LBC,L5_UPC,10.2,5.04,,,
L23_LBC,L6_BP,1.21,0.5579999999999999,,,
L23_LBC,L6_BPC,4.39,2.3,,,
L23_LBC,L6_BTC,1.08,0.271,,,
L23_LBC,L6_CHC,1.14,0.467,,,
L23_LBC,L6_DBC,1.16,0.593,,,
L23_LBC,L6_HPC,1.14,0.375,,,
L23_LBC,L6_IPC,1.91,0.665,,,
L23_LBC,L6_LBC,1.82,0.9840000000000001,,,
L23_LBC,L6_MC,4.84,2.73,,,
L23_LBC,L6_NBC,2.66,1.27,,,
L23_LBC,L6_NGC,1.0,0.0,,,
L23_LBC,L6_SBC,3.84,1.89,,,
L23_LBC,L6_TPC:A,6.52,2.54,,,
L23_LBC,L6_TPC:C,7.28,3.6,,,
L23_LBC,L6_UPC,4.4,2.6,,,
L23_MC,L1_DAC,9.72,4.38,,,
L23_MC,L1_HAC,10.0,4.91,,,
L23_MC,L1_LAC,11.3,3.94,,,
L23_MC,L1_NGC-DA,10.5,3.95,,,
L23_MC,L1_NGC-SA,11.4,6.51,,,
L23_MC,L1_SAC,10.5,5.58,,,
L23_MC,L23_BP,3.75,1.8,,,
L23_MC,L23_BTC,14.5,7.12,,,
L23_MC,L23_CHC,15.4,7.57,,,
L23_MC,L23_DBC,6.09,2.6,,,
L23_MC,L23_LBC,14.7,5.77,,,
L23_MC,L23_MC,16.4,6.7,,,
L23_MC,L23_NBC,13.4,5.99,,,
L23_MC,L23_NGC,10.3,3.72,,,
L23_MC,L23_SBC,13.4,5.65,,,
L23_MC,L2_IPC,21.4,10.7,,,
L23_MC,L2_TPC:A,15.1,7.61,11.2,5.5,59.49656750572083
L23_MC,L2_TPC:B,13.2,5.96,11.2,5.5,34.904013961605585
L23_MC,L3_TPC:A,13.2,5.93,11.2,5.5,34.99562554680665
L23_MC,L3_TPC:C,13.9,6.58,11.2,5.5,44.7019867549669
L23_MC,L4_BP,8.33,2.75,,,
L23_MC,L4_BTC,8.31,2.98,,,
L23_MC,L4_CHC,8.5,2.75,,,
L23_MC,L4_DBC,1.06,0.237,,,
L23_MC,L4_LBC,8.68,4.08,,,
L23_MC,L4_MC,9.23,3.77,,,
L23_MC,L4_NBC,9.09,3.8,,,
L23_MC,L4_NGC,4.35,1.78,,,
L23_MC,L4_SBC,10.6,4.56,,,
L23_MC,L4_SSC,9.39,5.13,,,
L23_MC,L4_TPC,10.4,5.07,,,
L23_MC,L4_UPC,10.3,5.82,,,
L23_MC,L5_BP,1.11,0.307,,,
L23_MC,L5_BTC,4.87,3.03,,,
L23_MC,L5_CHC,4.93,3.28,,,
L23_MC,L5_DBC,1.12,0.382,,,
L23_MC,L5_LBC,4.07,1.77,,,
L23_MC,L5_MC,4.04,2.19,,,
L23_MC,L5_NBC,4.46,1.76,,,
L23_MC,L5_NGC,1.2,0.499,,,
L23_MC,L5_SBC,5.88,3.44,,,
L23_MC,L5_TPC:A,14.8,6.74,,,
L23_MC,L5_TPC:B,15.3,6.3,,,
L23_MC,L5_TPC:C,10.6,5.02,,,
L23_MC,L5_UPC,8.02,3.04,,,
L23_MC,L6_BP,1.0,0.0,,,
L23_MC,L6_BPC,4.09,2.14,,,
L23_MC,L6_BTC,4.28,2.13,,,
L23_MC,L6_CHC,4.3,2.24,,,
L23_MC,L6_DBC,1.07,0.341,,,
L23_MC,L6_HPC,2.49,0.9640000000000001,,,
L23_MC,L6_IPC,3.75,2.14,,,
L23_MC,L6_LBC,3.57,2.19,,,
L23_MC,L6_MC,5.11,3.28,,,
L23_MC,L6_NBC,3.05,1.77,,,
L23_MC,L6_NGC,1.15,0.361,,,
L23_MC,L6_SBC,2.93,1.23,,,
L23_MC,L6_TPC:A,5.66,2.66,,,
L23_MC,L6_TPC:C,5.38,2.1,,,
L23_MC,L6_UPC,4.17,2.44,,,
L23_NBC,L1_DAC,11.9,5.13,,,
L23_NBC,L1_HAC,12.2,4.9,,,
L23_NBC,L1_LAC,13.6,6.44,,,
L23_NBC,L1_NGC-DA,14.9,7.3,,,
L23_NBC,L1_NGC-SA,12.8,6.04,,,
L23_NBC,L1_SAC,13.8,7.6,,,
L23_NBC,L23_BP,4.46,2.08,,,
L23_NBC,L23_BTC,15.8,6.63,,,
L23_NBC,L23_CHC,16.7,9.04,,,
L23_NBC,L23_DBC,6.79,3.06,,,
L23_NBC,L23_LBC,17.2,7.67,,,
L23_NBC,L23_MC,17.2,8.28,,,
L23_NBC,L23_NBC,17.1,7.14,,,
L23_NBC,L23_NGC,11.9,4.81,,,
L23_NBC,L23_SBC,15.7,7.9,,,
L23_NBC,L2_IPC,21.9,9.91,,,
L23_NBC,L2_TPC:A,20.3,8.98,15.8,4.1,68.80733944954129
L23_NBC,L2_TPC:B,18.3,7.58,15.8,4.1,42.80821917808219
L23_NBC,L3_TPC:A,19.2,9.57,15.8,4.1,49.74396488661301
L23_NBC,L3_TPC:C,19.0,7.81,15.8,4.1,53.73635600335851
L23_NBC,L4_BP,11.8,3.27,,,
L23_NBC,L4_BTC,10.5,3.73,,,
L23_NBC,L4_CHC,13.2,4.49,,,
L23_NBC,L4_DBC,4.59,2.16,,,
L23_NBC,L4_LBC,12.1,4.94,,,
L23_NBC,L4_MC,12.1,5.05,,,
L23_NBC,L4_NBC,13.0,5.74,,,
L23_NBC,L4_NGC,8.93,3.68,,,
L23_NBC,L4_SBC,13.7,5.87,,,
L23_NBC,L4_SSC,12.4,4.59,,,
L23_NBC,L4_TPC,13.8,7.2,,,
L23_NBC,L4_UPC,11.9,5.56,,,
L23_NBC,L5_BP,1.13,0.44799999999999995,,,
L23_NBC,L5_BTC,6.67,3.16,,,
L23_NBC,L5_CHC,10.9,4.89,,,
L23_NBC,L5_DBC,1.16,0.441,,,
L23_NBC,L5_LBC,6.82,3.5,,,
L23_NBC,L5_MC,6.31,3.1,,,
L23_NBC,L5_NBC,7.53,3.52,,,
L23_NBC,L5_NGC,2.3,0.45799999999999996,,,
L23_NBC,L5_SBC,6.0,2.11,,,
L23_NBC,L5_TPC:A,16.6,8.99,,,
L23_NBC,L5_TPC:B,15.1,6.19,,,
L23_NBC,L5_TPC:C,9.53,3.29,,,
L23_NBC,L5_UPC,9.72,5.17,,,
L23_NBC,L6_BPC,4.15,1.73,,,
L23_NBC,L6_BTC,7.0,0.0,,,
L23_NBC,L6_HPC,1.06,0.23399999999999999,,,
L23_NBC,L6_IPC,1.17,0.373,,,
L23_NBC,L6_LBC,1.03,0.162,,,
L23_NBC,L6_MC,11.1,3.84,,,
L23_NBC,L6_NBC,1.19,0.39399999999999996,,,
L23_NBC,L6_SBC,2.67,0.47100000000000003,,,
L23_NBC,L6_TPC:A,6.48,3.76,,,
L23_NBC,L6_TPC:C,6.93,2.74,,,
L23_NBC,L6_UPC,2.66,1.02,,,
L23_NGC,L1_DAC,13.4,5.87,,,
L23_NGC,L1_HAC,13.0,5.42,,,
L23_NGC,L1_LAC,14.9,7.13,,,
L23_NGC,L1_NGC-DA,16.3,7.49,,,
L23_NGC,L1_NGC-SA,16.8,8.48,,,
L23_NGC,L1_SAC,15.9,9.94,,,
L23_NGC,L23_BP,4.96,2.37,,,
L23_NGC,L23_BTC,15.1,6.82,,,
L23_NGC,L23_CHC,16.6,9.82,,,
L23_NGC,L23_DBC,6.96,1.85,,,
L23_NGC,L23_LBC,16.5,7.22,,,
L23_NGC,L23_MC,15.9,7.34,,,
L23_NGC,L23_NBC,15.9,5.88,,,
L23_NGC,L23_NGC,13.0,5.36,,,
L23_NGC,L23_SBC,15.1,6.74,,,
L23_NGC,L2_IPC,19.8,7.93,,,
L23_NGC,L2_TPC:A,16.7,5.97,,,
L23_NGC,L2_TPC:B,19.5,7.76,,,
L23_NGC,L3_TPC:A,15.4,5.93,,,
L23_NGC,L3_TPC:C,14.6,6.11,,,
L23_NGC,L4_BP,11.0,0.0,,,
L23_NGC,L4_BTC,9.83,3.24,,,
L23_NGC,L4_CHC,10.0,0.0,,,
L23_NGC,L4_DBC,4.0,0.0,,,
L23_NGC,L4_LBC,11.9,5.52,,,
L23_NGC,L4_MC,11.2,4.02,,,
L23_NGC,L4_NBC,13.4,4.89,,,
L23_NGC,L4_NGC,5.0,0.0,,,
L23_NGC,L4_SBC,9.33,1.89,,,
L23_NGC,L4_SSC,11.2,3.84,,,
L23_NGC,L4_TPC,12.6,5.6,,,
L23_NGC,L4_UPC,11.0,5.18,,,
L23_NGC,L5_BP,1.0,0.0,,,
L23_NGC,L5_BTC,6.59,2.77,,,
L23_NGC,L5_CHC,7.0,0.0,,,
L23_NGC,L5_DBC,2.0,0.7070000000000001,,,
L23_NGC,L5_LBC,5.15,1.11,,,
L23_NGC,L5_MC,5.0,1.26,,,
L23_NGC,L5_NBC,6.84,3.0,,,
L23_NGC,L5_SBC,3.25,1.09,,,
L23_NGC,L5_TPC:A,15.5,6.47,,,
L23_NGC,L5_TPC:B,13.4,4.5,,,
L23_NGC,L5_TPC:C,9.79,3.28,,,
L23_NGC,L5_UPC,8.35,3.06,,,
L23_NGC,L6_BPC,5.05,2.59,,,
L23_NGC,L6_HPC,1.0,0.0,,,
L23_NGC,L6_LBC,1.0,0.0,,,
L23_NGC,L6_MC,5.0,0.816,,,
L23_NGC,L6_SBC,1.0,0.0,,,
L23_NGC,L6_TPC:A,6.73,3.03,,,
L23_NGC,L6_TPC:C,7.49,3.7,,,
L23_NGC,L6_UPC,4.06,1.75,,,
L23_SBC,L1_DAC,15.2,9.08,,,
L23_SBC,L1_HAC,12.1,5.4,,,
L23_SBC,L1_LAC,16.3,11.4,,,
L23_SBC,L1_NGC-DA,17.4,10.5,,,
L23_SBC,L1_NGC-SA,15.0,10.5,,,
L23_SBC,L1_SAC,18.7,12.1,,,
L23_SBC,L23_BP,4.54,1.5,,,
L23_SBC,L23_BTC,19.4,8.93,,,
L23_SBC,L23_CHC,20.1,11.8,,,
L23_SBC,L23_DBC,8.46,3.21,,,
L23_SBC,L23_LBC,15.4,8.29,12.33,5.558,44.33853264009244
L23_SBC,L23_MC,20.9,10.0,,,
L23_SBC,L23_NBC,19.8,8.6,,,
L23_SBC,L23_NGC,13.4,4.25,,,
L23_SBC,L23_SBC,15.4,8.24,12.33,5.558,44.49920278301203
L23_SBC,L2_IPC,22.6,10.8,,,
L23_SBC,L2_TPC:A,25.1,10.2,20.5,10.5,44.44444444444446
L23_SBC,L2_TPC:B,27.4,14.1,20.5,10.5,56.097560975609746
L23_SBC,L3_TPC:A,24.7,11.9,20.5,10.5,37.5
L23_SBC,L3_TPC:C,26.8,11.3,20.5,10.5,57.79816513761469
L23_SBC,L4_BP,8.33,2.36,,,
L23_SBC,L4_BTC,12.1,5.53,,,
L23_SBC,L4_CHC,11.8,3.42,,,
L23_SBC,L4_DBC,5.05,2.21,,,
L23_SBC,L4_LBC,11.6,6.61,,,
L23_SBC,L4_MC,11.7,5.18,,,
L23_SBC,L4_NBC,12.8,7.13,,,
L23_SBC,L4_NGC,8.67,3.3,,,
L23_SBC,L4_SBC,14.1,9.39,,,
L23_SBC,L4_SSC,11.6,4.78,,,
L23_SBC,L4_TPC,13.7,6.93,,,
L23_SBC,L4_UPC,12.3,5.42,,,
L23_SBC,L5_BP,1.1,0.436,,,
L23_SBC,L5_BTC,6.36,3.43,,,
L23_SBC,L5_DBC,1.24,0.585,,,
L23_SBC,L5_LBC,5.22,2.36,,,
L23_SBC,L5_MC,5.96,3.39,,,
L23_SBC,L5_NBC,6.51,2.59,,,
L23_SBC,L5_NGC,1.14,0.35,,,
L23_SBC,L5_SBC,5.89,3.19,,,
L23_SBC,L5_TPC:A,18.5,9.77,,,
L23_SBC,L5_TPC:B,16.7,6.92,,,
L23_SBC,L5_TPC:C,11.6,4.91,,,
L23_SBC,L5_UPC,10.1,3.83,,,
L23_SBC,L6_BP,1.0,0.0,,,
L23_SBC,L6_BPC,4.34,2.17,,,
L23_SBC,L6_BTC,1.24,0.713,,,
L23_SBC,L6_CHC,1.38,0.992,,,
L23_SBC,L6_DBC,1.17,0.373,,,
L23_SBC,L6_HPC,1.09,0.319,,,
L23_SBC,L6_IPC,1.1,0.332,,,
L23_SBC,L6_LBC,1.07,0.255,,,
L23_SBC,L6_MC,5.04,1.99,,,
L23_SBC,L6_NBC,1.13,0.45,,,
L23_SBC,L6_NGC,1.0,0.0,,,
L23_SBC,L6_SBC,1.07,0.262,,,
L23_SBC,L6_TPC:A,7.5,2.94,,,
L23_SBC,L6_TPC:C,7.46,3.01,,,
L23_SBC,L6_UPC,4.31,2.26,,,
L2_IPC,L1_DAC,2.0,0.894,,,
L2_IPC,L1_HAC,1.85,0.9309999999999999,,,
L2_IPC,L1_LAC,3.9,1.47,,,
L2_IPC,L1_NGC-DA,4.17,1.77,,,
L2_IPC,L1_NGC-SA,3.28,1.26,,,
L2_IPC,L1_SAC,2.55,0.899,,,
L2_IPC,L23_BP,1.12,0.382,,,
L2_IPC,L23_BTC,6.32,2.9,,,
L2_IPC,L23_CHC,7.5,3.6,,,
L2_IPC,L23_DBC,1.07,0.255,,,
L2_IPC,L23_LBC,7.69,3.35,,,
L2_IPC,L23_MC,7.11,2.82,,,
L2_IPC,L23_NBC,7.14,2.72,,,
L2_IPC,L23_NGC,3.85,1.53,,,
L2_IPC,L23_SBC,6.08,3.15,,,
L2_IPC,L2_IPC,5.02,1.92,,,
L2_IPC,L2_TPC:A,4.54,1.99,,,
L2_IPC,L2_TPC:B,4.9,2.13,,,
L2_IPC,L3_TPC:A,4.33,1.95,,,
L2_IPC,L3_TPC:C,4.01,1.92,,,
L2_IPC,L4_BP,4.36,1.57,,,
L2_IPC,L4_BTC,1.19,0.44,,,
L2_IPC,L4_CHC,1.14,0.5479999999999999,,,
L2_IPC,L4_DBC,1.06,0.237,,,
L2_IPC,L4_LBC,1.16,0.418,,,
L2_IPC,L4_MC,1.16,0.441,,,
L2_IPC,L4_NBC,2.5,0.843,,,
L2_IPC,L4_NGC,1.1,0.337,,,
L2_IPC,L4_SBC,2.54,0.9940000000000001,,,
L2_IPC,L4_SSC,2.53,0.9109999999999999,,,
L2_IPC,L4_TPC,3.3,1.83,,,
L2_IPC,L4_UPC,3.05,1.94,,,
L2_IPC,L5_BP,1.15,0.409,,,
L2_IPC,L5_BTC,1.13,0.365,,,
L2_IPC,L5_CHC,1.13,0.41600000000000004,,,
L2_IPC,L5_DBC,1.11,0.397,,,
L2_IPC,L5_LBC,1.07,0.292,,,
L2_IPC,L5_MC,1.08,0.271,,,
L2_IPC,L5_NBC,1.11,0.313,,,
L2_IPC,L5_NGC,1.1,0.387,,,
L2_IPC,L5_SBC,1.16,0.39299999999999996,,,
L2_IPC,L5_TPC:A,4.09,1.44,,,
L2_IPC,L5_TPC:B,4.1,1.6,,,
L2_IPC,L5_TPC:C,2.69,0.966,,,
L2_IPC,L5_UPC,2.87,1.25,,,
L2_IPC,L6_BP,1.0,0.0,,,
L2_IPC,L6_BPC,2.47,1.0,,,
L2_IPC,L6_BTC,1.1,0.332,,,
L2_IPC,L6_CHC,1.04,0.19699999999999998,,,
L2_IPC,L6_DBC,1.13,0.373,,,
L2_IPC,L6_HPC,2.59,1.13,,,
L2_IPC,L6_IPC,2.5,1.08,,,
L2_IPC,L6_LBC,1.17,0.5489999999999999,,,
L2_IPC,L6_MC,1.08,0.271,,,
L2_IPC,L6_NBC,1.12,0.382,,,
L2_IPC,L6_NGC,1.0,0.0,,,
L2_IPC,L6_SBC,1.14,0.469,,,
L2_IPC,L6_TPC:A,2.82,1.68,,,
L2_IPC,L6_TPC:C,2.56,1.02,,,
L2_IPC,L6_UPC,2.54,1.39,,,
L2_TPC:A,L1_DAC,1.11,0.34299999999999997,,,
L2_TPC:A,L1_HAC,1.07,0.255,,,
L2_TPC:A,L1_LAC,1.11,0.371,,,
L2_TPC:A,L1_NGC-DA,1.08,0.306,,,
L2_TPC:A,L1_NGC-SA,1.07,0.324,,,
L2_TPC:A,L1_SAC,1.09,0.319,,,
L2_TPC:A,L23_BP,1.12,0.382,,,
L2_TPC:A,L23_BTC,3.95,2.04,,,
L2_TPC:A,L23_CHC,4.29,1.73,,,
L2_TPC:A,L23_DBC,1.18,0.555,,,
L2_TPC:A,L23_LBC,7.87,2.83,7.1,3.1,25.969645868465445
L2_TPC:A,L23_MC,4.14,1.56,,,
L2_TPC:A,L23_NBC,4.25,2.09,3.4,1.5,47.35376044568246
L2_TPC:A,L23_NGC,1.08,0.306,,,
L2_TPC:A,L23_SBC,3.13,1.21,3.0,1.0,11.764705882352931
L2_TPC:A,L2_IPC,3.92,1.74,,,
L2_TPC:A,L2_TPC:A,2.91,1.43,2.875,0.5995,3.4491254003449265
L2_TPC:A,L2_TPC:B,3.27,1.64,2.875,0.5995,35.275731189997764
L2_TPC:A,L3_TPC:A,3.22,1.36,2.875,0.5995,35.21306455728504
L2_TPC:A,L3_TPC:C,3.08,1.43,2.875,0.5995,20.202020202020208
L2_TPC:A,L4_BP,4.57,0.7909999999999999,,,
L2_TPC:A,L4_BTC,1.09,0.28600000000000003,,,
L2_TPC:A,L4_CHC,1.2,0.556,,,
L2_TPC:A,L4_DBC,1.16,0.46299999999999997,,,
L2_TPC:A,L4_LBC,1.08,0.306,,,
L2_TPC:A,L4_MC,1.2,0.616,,,
L2_TPC:A,L4_NBC,1.14,0.469,,,
L2_TPC:A,L4_NGC,1.19,0.38799999999999996,,,
L2_TPC:A,L4_SBC,1.08,0.271,,,
L2_TPC:A,L4_SSC,2.57,1.08,,,
L2_TPC:A,L4_TPC,2.92,1.87,,,
L2_TPC:A,L4_UPC,2.68,1.3,,,
L2_TPC:A,L5_BP,1.05,0.228,,,
L2_TPC:A,L5_BTC,1.14,0.425,,,
L2_TPC:A,L5_CHC,1.05,0.259,,,
L2_TPC:A,L5_DBC,1.15,0.47700000000000004,,,
L2_TPC:A,L5_LBC,1.11,0.371,,,
L2_TPC:A,L5_MC,1.14,0.425,,,
L2_TPC:A,L5_NBC,1.1,0.361,,,
L2_TPC:A,L5_NGC,1.07,0.302,,,
L2_TPC:A,L5_SBC,1.12,0.382,,,
L2_TPC:A,L5_TPC:A,3.15,1.87,,,
L2_TPC:A,L5_TPC:B,3.25,1.79,,,
L2_TPC:A,L5_TPC:C,2.69,1.43,,,
L2_TPC:A,L5_UPC,2.54,1.09,,,
L2_TPC:A,L6_BPC,2.2,1.08,,,
L2_TPC:A,L6_BTC,1.0,0.0,,,
L2_TPC:A,L6_DBC,1.0,0.0,,,
L2_TPC:A,L6_HPC,1.87,0.8440000000000001,,,
L2_TPC:A,L6_IPC,2.2,0.6,,,
L2_TPC:A,L6_LBC,1.03,0.171,,,
L2_TPC:A,L6_MC,1.15,0.447,,,
L2_TPC:A,L6_NBC,1.04,0.188,,,
L2_TPC:A,L6_SBC,1.06,0.24600000000000002,,,
L2_TPC:A,L6_TPC:A,2.4,1.3,,,
L2_TPC:A,L6_TPC:C,2.35,1.02,,,
L2_TPC:A,L6_UPC,2.33,1.56,,,
L2_TPC:B,L1_DAC,1.4,0.6779999999999999,,,
L2_TPC:B,L1_HAC,2.28,0.7759999999999999,,,
L2_TPC:B,L1_LAC,3.81,1.83,,,
L2_TPC:B,L1_NGC-DA,3.17,1.5,,,
L2_TPC:B,L1_NGC-SA,2.55,1.02,,,
L2_TPC:B,L1_SAC,4.88,2.42,,,
L2_TPC:B,L23_BP,1.07,0.255,,,
L2_TPC:B,L23_BTC,5.8,2.31,,,
L2_TPC:B,L23_CHC,6.61,2.13,,,
L2_TPC:B,L23_DBC,1.08,0.306,,,
L2_TPC:B,L23_LBC,8.6,3.61,7.1,3.1,44.70938897168406
L2_TPC:B,L23_MC,7.4,3.22,,,
L2_TPC:B,L23_NBC,4.18,1.85,3.4,1.5,46.567164179104466
L2_TPC:B,L23_NGC,1.14,0.4,,,
L2_TPC:B,L23_SBC,3.31,1.62,3.0,1.0,23.664122137404586
L2_TPC:B,L2_IPC,4.68,1.48,,,
L2_TPC:B,L2_TPC:A,2.87,1.16,2.875,0.5995,-0.5683432793407096
L2_TPC:B,L2_TPC:B,2.67,0.9490000000000001,2.875,0.5995,-26.477236034872462
L2_TPC:B,L3_TPC:A,3.5,1.77,2.875,0.5995,52.753745515931634
L2_TPC:B,L3_TPC:C,2.85,1.28,2.875,0.5995,-2.660281989890919
L2_TPC:B,L4_BP,4.83,1.74,,,
L2_TPC:B,L4_BTC,3.66,1.95,,,
L2_TPC:B,L4_CHC,3.98,1.9,,,
L2_TPC:B,L4_DBC,1.12,0.382,,,
L2_TPC:B,L4_LBC,4.39,2.04,,,
L2_TPC:B,L4_MC,5.44,2.52,,,
L2_TPC:B,L4_NBC,4.33,2.02,,,
L2_TPC:B,L4_NGC,1.15,0.35700000000000004,,,
L2_TPC:B,L4_SBC,5.06,1.78,,,
L2_TPC:B,L4_SSC,2.97,1.32,,,
L2_TPC:B,L4_TPC,3.92,1.62,,,
L2_TPC:B,L4_UPC,3.55,1.49,,,
L2_TPC:B,L5_BP,1.1,0.387,,,
L2_TPC:B,L5_BTC,2.65,1.21,,,
L2_TPC:B,L5_CHC,1.1,0.332,,,
L2_TPC:B,L5_DBC,1.12,0.40700000000000003,,,
L2_TPC:B,L5_LBC,1.1,0.332,,,
L2_TPC:B,L5_MC,1.49,0.843,,,
L2_TPC:B,L5_NBC,2.14,0.917,,,
L2_TPC:B,L5_NGC,1.11,0.34299999999999997,,,
L2_TPC:B,L5_SBC,1.19,0.611,,,
L2_TPC:B,L5_TPC:A,4.57,2.16,,,
L2_TPC:B,L5_TPC:B,4.31,1.71,,,
L2_TPC:B,L5_TPC:C,3.66,1.44,,,
L2_TPC:B,L5_UPC,3.02,1.4,,,
L2_TPC:B,L6_BP,1.14,0.51,,,
L2_TPC:B,L6_BPC,3.09,1.59,,,
L2_TPC:B,L6_BTC,1.19,0.484,,,
L2_TPC:B,L6_CHC,1.12,0.40700000000000003,,,
L2_TPC:B,L6_DBC,1.09,0.319,,,
L2_TPC:B,L6_HPC,2.61,1.09,,,
L2_TPC:B,L6_IPC,2.54,1.22,,,
L2_TPC:B,L6_LBC,1.09,0.319,,,
L2_TPC:B,L6_MC,1.15,0.517,,,
L2_TPC:B,L6_NBC,1.13,0.391,,,
L2_TPC:B,L6_NGC,1.12,0.325,,,
L2_TPC:B,L6_SBC,1.14,0.4,,,
L2_TPC:B,L6_TPC:A,2.59,1.07,,,
L2_TPC:B,L6_TPC:C,2.73,2.17,,,
L2_TPC:B,L6_UPC,2.74,2.22,,,
L3_TPC:A,L1_DAC,1.11,0.397,,,
L3_TPC:A,L1_HAC,1.08,0.271,,,
L3_TPC:A,L1_LAC,1.07,0.255,,,
L3_TPC:A,L1_NGC-DA,1.07,0.255,,,
L3_TPC:A,L1_NGC-SA,1.14,0.375,,,
L3_TPC:A,L1_SAC,1.11,0.313,,,
L3_TPC:A,L23_BP,1.07,0.255,,,
L3_TPC:A,L23_BTC,3.06,1.59,,,
L3_TPC:A,L23_CHC,5.07,2.77,,,
L3_TPC:A,L23_DBC,1.12,0.354,,,
L3_TPC:A,L23_LBC,8.04,2.45,7.1,3.1,33.87387387387385
L3_TPC:A,L23_MC,5.99,4.05,,,
L3_TPC:A,L23_NBC,4.35,2.26,3.4,1.5,50.53191489361701
L3_TPC:A,L23_NGC,1.1,0.387,,,
L3_TPC:A,L23_SBC,3.24,1.46,3.0,1.0,19.512195121951237
L3_TPC:A,L2_IPC,3.71,1.77,,,
L3_TPC:A,L2_TPC:A,2.95,1.34,2.875,0.5995,7.733952049497311
L3_TPC:A,L2_TPC:B,2.93,1.28,2.875,0.5995,5.852620377760059
L3_TPC:A,L3_TPC:A,2.85,1.15,2.875,0.5995,-2.857959416976269
L3_TPC:A,L3_TPC:C,3.18,1.2,2.875,0.5995,33.89830508474578
L3_TPC:A,L4_BP,5.36,1.77,,,
L3_TPC:A,L4_BTC,6.02,2.31,,,
L3_TPC:A,L4_CHC,5.93,2.38,,,
L3_TPC:A,L4_DBC,1.09,0.28600000000000003,,,
L3_TPC:A,L4_LBC,6.66,3.39,,,
L3_TPC:A,L4_MC,7.42,2.38,,,
L3_TPC:A,L4_NBC,6.93,2.6,,,
L3_TPC:A,L4_NGC,2.26,0.7829999999999999,,,
L3_TPC:A,L4_SBC,6.87,2.37,,,
L3_TPC:A,L4_SSC,3.58,1.39,,,
L3_TPC:A,L4_TPC,5.04,2.66,,,
L3_TPC:A,L4_UPC,4.33,2.2,,,
L3_TPC:A,L5_BP,1.07,0.292,,,
L3_TPC:A,L5_BTC,6.27,2.87,,,
L3_TPC:A,L5_CHC,4.35,2.22,,,
L3_TPC:A,L5_DBC,1.09,0.28600000000000003,,,
L3_TPC:A,L5_LBC,3.12,1.58,,,
L3_TPC:A,L5_MC,4.92,1.93,,,
L3_TPC:A,L5_NBC,4.85,2.22,,,
L3_TPC:A,L5_NGC,1.18,0.456,,,
L3_TPC:A,L5_SBC,6.19,2.62,,,
L3_TPC:A,L5_TPC:A,5.37,3.06,,,
L3_TPC:A,L5_TPC:B,5.26,2.98,,,
L3_TPC:A,L5_TPC:C,3.83,1.83,,,
L3_TPC:A,L5_UPC,3.98,1.81,,,
L3_TPC:A,L6_BP,1.13,0.365,,,
L3_TPC:A,L6_BPC,2.83,1.24,,,
L3_TPC:A,L6_BTC,1.11,0.371,,,
L3_TPC:A,L6_CHC,1.06,0.237,,,
L3_TPC:A,L6_DBC,1.05,0.218,,,
L3_TPC:A,L6_HPC,2.87,1.42,,,
L3_TPC:A,L6_IPC,2.49,1.13,,,
L3_TPC:A,L6_LBC,1.05,0.26,,,
L3_TPC:A,L6_MC,2.62,1.26,,,
L3_TPC:A,L6_NBC,1.05,0.218,,,
L3_TPC:A,L6_NGC,1.05,0.218,,,
L3_TPC:A,L6_SBC,1.11,0.34299999999999997,,,
L3_TPC:A,L6_TPC:A,3.14,1.43,,,
L3_TPC:A,L6_TPC:C,2.76,1.44,,,
L3_TPC:A,L6_UPC,2.86,1.46,,,
L3_TPC:C,L1_DAC,1.12,0.475,,,
L3_TPC:C,L1_HAC,1.68,0.76,,,
L3_TPC:C,L1_LAC,1.67,0.7879999999999999,,,
L3_TPC:C,L1_NGC-DA,3.27,1.32,,,
L3_TPC:C,L1_NGC-SA,2.51,0.9,,,
L3_TPC:C,L1_SAC,1.09,0.319,,,
L3_TPC:C,L23_BP,1.06,0.237,,,
L3_TPC:C,L23_BTC,5.96,1.91,,,
L3_TPC:C,L23_CHC,6.57,3.61,,,
L3_TPC:C,L23_DBC,1.11,0.34299999999999997,,,
L3_TPC:C,L23_LBC,7.85,2.97,7.1,3.1,24.71169686985173
L3_TPC:C,L23_MC,6.01,2.32,,,
L3_TPC:C,L23_NBC,3.87,1.56,3.4,1.5,30.718954248366025
L3_TPC:C,L23_NGC,1.07,0.292,,,
L3_TPC:C,L23_SBC,3.5,2.36,3.0,1.0,29.761904761904763
L3_TPC:C,L2_IPC,4.09,1.84,,,
L3_TPC:C,L2_TPC:A,2.93,1.12,2.875,0.5995,6.397208490840379
L3_TPC:C,L2_TPC:B,3.33,1.69,2.875,0.5995,39.7466695785106
L3_TPC:C,L3_TPC:A,2.81,0.977,2.875,0.5995,-8.246114811290827
L3_TPC:C,L3_TPC:C,2.9,1.2,2.875,0.5995,2.7785495971102985
L3_TPC:C,L4_BP,4.92,1.94,,,
L3_TPC:C,L4_BTC,5.14,2.37,,,
L3_TPC:C,L4_CHC,5.93,2.71,,,
L3_TPC:C,L4_DBC,1.15,0.384,,,
L3_TPC:C,L4_LBC,6.02,3.01,,,
L3_TPC:C,L4_MC,6.4,2.59,,,
L3_TPC:C,L4_NBC,7.19,2.42,,,
L3_TPC:C,L4_NGC,1.06,0.237,,,
L3_TPC:C,L4_SBC,7.02,2.91,,,
L3_TPC:C,L4_SSC,3.56,1.48,,,
L3_TPC:C,L4_TPC,4.39,2.34,,,
L3_TPC:C,L4_UPC,3.76,1.42,,,
L3_TPC:C,L5_BP,1.14,0.34700000000000003,,,
L3_TPC:C,L5_BTC,5.09,2.66,,,
L3_TPC:C,L5_CHC,4.29,1.82,,,
L3_TPC:C,L5_DBC,1.18,0.517,,,
L3_TPC:C,L5_LBC,5.45,2.74,,,
L3_TPC:C,L5_MC,5.51,2.38,,,
L3_TPC:C,L5_NBC,5.86,2.8,,,
L3_TPC:C,L5_NGC,1.13,0.365,,,
L3_TPC:C,L5_SBC,5.04,1.8,,,
L3_TPC:C,L5_TPC:A,5.17,2.12,,,
L3_TPC:C,L5_TPC:B,5.5,2.3,,,
L3_TPC:C,L5_TPC:C,4.1,2.0,,,
L3_TPC:C,L5_UPC,4.03,1.77,,,
L3_TPC:C,L6_BP,1.07,0.354,,,
L3_TPC:C,L6_BPC,2.8,1.56,,,
L3_TPC:C,L6_BTC,1.1,0.332,,,
L3_TPC:C,L6_CHC,1.14,0.375,,,
L3_TPC:C,L6_DBC,1.2,0.49,,,
L3_TPC:C,L6_HPC,2.62,1.09,,,
L3_TPC:C,L6_IPC,2.6,0.99,,,
L3_TPC:C,L6_LBC,1.11,0.313,,,
L3_TPC:C,L6_MC,1.09,0.319,,,
L3_TPC:C,L6_NBC,1.12,0.382,,,
L3_TPC:C,L6_NGC,1.14,0.49,,,
L3_TPC:C,L6_SBC,1.08,0.271,,,
L3_TPC:C,L6_TPC:A,3.04,1.42,,,
L3_TPC:C,L6_TPC:C,3.02,1.3,,,
L3_TPC:C,L6_UPC,2.83,1.06,,,
L4_BP,L1_DAC,1.11,0.319,,,
L4_BP,L1_HAC,1.06,0.324,,,
L4_BP,L1_LAC,3.64,0.9790000000000001,,,
L4_BP,L1_NGC-DA,2.48,0.833,,,
L4_BP,L1_NGC-SA,2.56,0.7879999999999999,,,
L4_BP,L1_SAC,1.07,0.258,,,
L4_BP,L23_BP,1.11,0.45799999999999996,,,
L4_BP,L23_BTC,8.57,3.93,,,
L4_BP,L23_CHC,8.3,2.9,,,
L4_BP,L23_DBC,1.12,0.331,,,
L4_BP,L23_LBC,8.05,3.19,,,
L4_BP,L23_MC,9.86,5.1,,,
L4_BP,L23_NBC,7.53,3.25,,,
L4_BP,L23_NGC,2.58,0.885,,,
L4_BP,L23_SBC,9.11,3.95,,,
L4_BP,L2_IPC,7.47,2.33,,,
L4_BP,L2_TPC:A,3.98,1.47,,,
L4_BP,L2_TPC:B,5.13,2.25,,,
L4_BP,L3_TPC:A,9.45,3.28,,,
L4_BP,L3_TPC:C,9.66,4.06,,,
L4_BP,L4_BTC,7.06,1.39,,,
L4_BP,L4_CHC,7.5,0.5,,,
L4_BP,L4_DBC,4.4,1.36,,,
L4_BP,L4_LBC,8.53,3.14,,,
L4_BP,L4_MC,8.72,4.41,,,
L4_BP,L4_NBC,7.62,2.78,,,
L4_BP,L4_NGC,4.0,0.816,,,
L4_BP,L4_SBC,10.4,7.34,,,
L4_BP,L4_SSC,8.03,3.44,,,
L4_BP,L4_TPC,9.74,4.18,,,
L4_BP,L4_UPC,9.01,3.34,,,
L4_BP,L5_BP,2.0,1.0,,,
L4_BP,L5_BTC,4.0,1.35,,,
L4_BP,L5_DBC,1.06,0.242,,,
L4_BP,L5_LBC,4.24,1.83,,,
L4_BP,L5_MC,3.18,1.94,,,
L4_BP,L5_NBC,4.17,1.75,,,
L4_BP,L5_NGC,1.0,0.0,,,
L4_BP,L5_SBC,3.36,1.23,,,
L4_BP,L5_TPC:A,9.24,3.58,,,
L4_BP,L5_TPC:B,10.6,4.03,,,
L4_BP,L5_TPC:C,7.01,2.75,,,
L4_BP,L5_UPC,6.15,2.19,,,
L4_BP,L6_BPC,1.14,0.664,,,
L4_BP,L6_BTC,1.14,0.35,,,
L4_BP,L6_CHC,1.0,0.0,,,
L4_BP,L6_HPC,1.08,0.366,,,
L4_BP,L6_IPC,1.16,0.46299999999999997,,,
L4_BP,L6_LBC,1.06,0.239,,,
L4_BP,L6_MC,1.0,0.0,,,
L4_BP,L6_NBC,1.23,0.516,,,
L4_BP,L6_TPC:A,3.42,1.76,,,
L4_BP,L6_TPC:C,3.71,1.53,,,
L4_BP,L6_UPC,1.13,0.365,,,
L4_BTC,L1_DAC,1.09,0.282,,,
L4_BTC,L1_HAC,2.61,1.24,,,
L4_BTC,L1_LAC,1.14,0.639,,,
L4_BTC,L1_NGC-DA,2.47,0.8059999999999999,,,
L4_BTC,L1_NGC-SA,2.5,0.645,,,
L4_BTC,L1_SAC,2.86,1.73,,,
L4_BTC,L23_BP,1.16,0.41200000000000003,,,
L4_BTC,L23_BTC,9.56,3.48,,,
L4_BTC,L23_CHC,9.64,3.83,,,
L4_BTC,L23_DBC,1.11,0.371,,,
L4_BTC,L23_LBC,11.5,6.9,,,
L4_BTC,L23_MC,10.4,4.28,,,
L4_BTC,L23_NBC,10.1,4.63,,,
L4_BTC,L23_NGC,5.45,2.34,,,
L4_BTC,L23_SBC,9.86,4.29,,,
L4_BTC,L2_IPC,6.78,3.36,,,
L4_BTC,L2_TPC:A,2.47,0.943,,,
L4_BTC,L2_TPC:B,4.55,1.67,,,
L4_BTC,L3_TPC:A,12.3,5.16,,,
L4_BTC,L3_TPC:C,11.8,4.78,,,
L4_BTC,L4_BP,10.3,3.56,,,
L4_BTC,L4_BTC,11.4,4.7,,,
L4_BTC,L4_CHC,11.0,3.79,,,
L4_BTC,L4_DBC,8.05,3.39,,,
L4_BTC,L4_LBC,13.3,5.3,,,
L4_BTC,L4_MC,13.1,6.94,,,
L4_BTC,L4_NBC,14.4,7.41,,,
L4_BTC,L4_NGC,11.0,5.63,,,
L4_BTC,L4_SBC,13.3,4.78,,,
L4_BTC,L4_SSC,13.2,5.36,,,
L4_BTC,L4_TPC,17.6,7.16,15.0,7.1,36.465638148667615
L4_BTC,L4_UPC,13.0,5.15,,,
L4_BTC,L5_BP,1.12,0.39,,,
L4_BTC,L5_BTC,9.02,3.87,,,
L4_BTC,L5_CHC,6.38,1.87,,,
L4_BTC,L5_DBC,1.09,0.28600000000000003,,,
L4_BTC,L5_LBC,8.38,4.58,,,
L4_BTC,L5_MC,8.1,4.91,,,
L4_BTC,L5_NBC,8.92,3.87,,,
L4_BTC,L5_NGC,3.0,1.48,,,
L4_BTC,L5_SBC,7.36,3.78,,,
L4_BTC,L5_TPC:A,14.3,8.16,,,
L4_BTC,L5_TPC:B,15.5,8.08,,,
L4_BTC,L5_TPC:C,11.9,5.94,,,
L4_BTC,L5_UPC,12.1,5.58,,,
L4_BTC,L6_BP,1.0,0.0,,,
L4_BTC,L6_BPC,4.8,2.49,,,
L4_BTC,L6_BTC,1.1,0.332,,,
L4_BTC,L6_CHC,1.1,0.294,,,
L4_BTC,L6_DBC,1.15,0.361,,,
L4_BTC,L6_HPC,1.14,0.4,,,
L4_BTC,L6_IPC,1.04,0.196,,,
L4_BTC,L6_LBC,1.11,0.313,,,
L4_BTC,L6_MC,4.51,2.64,,,
L4_BTC,L6_NBC,1.17,0.53,,,
L4_BTC,L6_NGC,1.33,0.47100000000000003,,,
L4_BTC,L6_SBC,1.16,0.366,,,
L4_BTC,L6_TPC:A,6.27,2.55,,,
L4_BTC,L6_TPC:C,6.12,2.39,,,
L4_BTC,L6_UPC,2.96,1.57,,,
L4_CHC,L2_TPC:A,1.5,0.5,,,
L4_CHC,L2_TPC:B,1.83,0.687,,,
L4_CHC,L3_TPC:A,3.73,3.1,,,
L4_CHC,L3_TPC:C,2.95,1.85,,,
L4_CHC,L4_SSC,3.25,3.24,,,
L4_CHC,L4_TPC,4.32,3.29,,,
L4_CHC,L4_UPC,3.28,2.39,,,
L4_CHC,L5_TPC:A,5.19,4.39,,,
L4_CHC,L5_TPC:B,4.71,3.63,,,
L4_CHC,L5_TPC:C,5.34,7.22,,,
L4_CHC,L5_UPC,4.55,3.74,,,
L4_CHC,L6_HPC,3.0,1.0,,,
L4_CHC,L6_IPC,1.0,0.0,,,
L4_CHC,L6_TPC:A,2.0,0.0,,,
L4_CHC,L6_UPC,2.5,0.5,,,
L4_DBC,L1_DAC,1.0,0.0,,,
L4_DBC,L1_HAC,1.0,0.0,,,
L4_DBC,L1_LAC,1.0,0.0,,,
L4_DBC,L1_NGC-DA,2.0,0.0,,,
L4_DBC,L1_NGC-SA,1.0,0.0,,,
L4_DBC,L1_SAC,1.0,0.0,,,
L4_DBC,L23_BP,1.07,0.258,,,
L4_DBC,L23_BTC,11.1,5.15,,,
L4_DBC,L23_CHC,12.0,4.0,,,
L4_DBC,L23_DBC,1.13,0.33399999999999996,,,
L4_DBC,L23_LBC,11.5,5.24,,,
L4_DBC,L23_MC,13.0,6.6,,,
L4_DBC,L23_NBC,11.2,5.71,,,
L4_DBC,L23_NGC,5.5,2.93,,,
L4_DBC,L23_SBC,10.7,4.01,,,
L4_DBC,L2_IPC,5.79,1.95,,,
L4_DBC,L2_TPC:A,1.08,0.337,,,
L4_DBC,L2_TPC:B,2.07,0.652,,,
L4_DBC,L3_TPC:A,14.0,6.34,,,
L4_DBC,L3_TPC:C,12.7,4.93,,,
L4_DBC,L4_BP,8.83,2.11,,,
L4_DBC,L4_BTC,12.3,3.62,,,
L4_DBC,L4_CHC,12.7,0.47100000000000003,,,
L4_DBC,L4_DBC,9.25,4.05,,,
L4_DBC,L4_LBC,13.5,5.62,,,
L4_DBC,L4_MC,15.6,6.48,,,
L4_DBC,L4_NBC,16.3,7.0,,,
L4_DBC,L4_NGC,12.0,5.0,,,
L4_DBC,L4_SBC,12.1,4.64,,,
L4_DBC,L4_SSC,12.6,5.35,,,
L4_DBC,L4_TPC,15.3,5.35,,,
L4_DBC,L4_UPC,13.7,5.79,,,
L4_DBC,L5_BP,1.11,0.509,,,
L4_DBC,L5_BTC,13.5,9.49,,,
L4_DBC,L5_CHC,11.7,4.71,,,
L4_DBC,L5_DBC,5.5,3.19,,,
L4_DBC,L5_LBC,12.0,6.5,,,
L4_DBC,L5_MC,13.9,10.9,,,
L4_DBC,L5_NBC,10.7,4.6,,,
L4_DBC,L5_NGC,4.83,0.687,,,
L4_DBC,L5_SBC,12.6,6.07,,,
L4_DBC,L5_TPC:A,18.5,9.46,,,
L4_DBC,L5_TPC:B,18.6,9.14,,,
L4_DBC,L5_TPC:C,17.2,12.8,,,
L4_DBC,L5_UPC,14.4,6.24,,,
L4_DBC,L6_BP,1.0,0.0,,,
L4_DBC,L6_BPC,9.0,4.68,,,
L4_DBC,L6_BTC,6.28,3.65,,,
L4_DBC,L6_CHC,7.25,1.79,,,
L4_DBC,L6_DBC,1.09,0.37799999999999995,,,
L4_DBC,L6_HPC,5.43,2.47,,,
L4_DBC,L6_IPC,5.13,2.12,,,
L4_DBC,L6_LBC,7.49,4.58,,,
L4_DBC,L6_MC,5.67,4.43,,,
L4_DBC,L6_NBC,6.19,3.33,,,
L4_DBC,L6_NGC,4.2,0.4,,,
L4_DBC,L6_SBC,5.27,1.42,,,
L4_DBC,L6_TPC:A,9.73,4.92,,,
L4_DBC,L6_TPC:C,8.86,3.46,,,
L4_DBC,L6_UPC,9.35,4.51,,,
L4_LBC,L1_DAC,1.03,0.16899999999999998,,,
L4_LBC,L1_HAC,1.08,0.266,,,
L4_LBC,L1_LAC,1.07,0.258,,,
L4_LBC,L1_NGC-DA,1.05,0.223,,,
L4_LBC,L1_NGC-SA,1.0,0.0,,,
L4_LBC,L1_SAC,1.07,0.249,,,
L4_LBC,L23_BP,2.63,1.1,,,
L4_LBC,L23_BTC,15.2,7.96,,,
L4_LBC,L23_CHC,14.5,8.81,,,
L4_LBC,L23_DBC,5.01,2.19,,,
L4_LBC,L23_LBC,14.8,7.35,,,
L4_LBC,L23_MC,15.9,8.51,,,
L4_LBC,L23_NBC,14.6,6.97,,,
L4_LBC,L23_NGC,9.67,3.62,,,
L4_LBC,L23_SBC,14.4,9.61,,,
L4_LBC,L2_IPC,7.42,2.85,,,
L4_LBC,L2_TPC:A,2.57,1.0,,,
L4_LBC,L2_TPC:B,4.65,1.98,,,
L4_LBC,L3_TPC:A,19.1,8.21,,,
L4_LBC,L3_TPC:C,15.7,6.44,,,
L4_LBC,L4_BP,13.3,5.51,,,
L4_LBC,L4_BTC,18.6,9.82,,,
L4_LBC,L4_CHC,16.4,6.18,,,
L4_LBC,L4_DBC,11.6,4.42,,,
L4_LBC,L4_LBC,15.0,6.81,12.33,5.558,43.175937904269084
L4_LBC,L4_MC,21.4,11.8,,,
L4_LBC,L4_NBC,20.8,11.7,,,
L4_LBC,L4_NGC,13.7,5.1,,,
L4_LBC,L4_SBC,16.0,8.79,12.33,5.558,51.15695567326457
L4_LBC,L4_SSC,19.3,7.79,,,
L4_LBC,L4_TPC,18.9,11.5,14.5,2.0,65.18518518518516
L4_LBC,L4_UPC,20.3,11.5,,,
L4_LBC,L5_BP,1.21,0.535,,,
L4_LBC,L5_BTC,12.8,5.62,,,
L4_LBC,L5_CHC,11.8,4.62,,,
L4_LBC,L5_DBC,5.93,3.38,,,
L4_LBC,L5_LBC,12.2,5.34,,,
L4_LBC,L5_MC,11.3,4.07,,,
L4_LBC,L5_NBC,14.3,7.89,,,
L4_LBC,L5_NGC,6.26,3.12,,,
L4_LBC,L5_SBC,11.6,4.61,,,
L4_LBC,L5_TPC:A,21.9,12.2,,,
L4_LBC,L5_TPC:B,20.9,11.9,,,
L4_LBC,L5_TPC:C,16.9,8.52,,,
L4_LBC,L5_UPC,15.1,7.19,,,
L4_LBC,L6_BP,1.06,0.242,,,
L4_LBC,L6_BPC,7.57,2.88,,,
L4_LBC,L6_BTC,3.36,1.83,,,
L4_LBC,L6_CHC,1.15,0.465,,,
L4_LBC,L6_DBC,1.15,0.493,,,
L4_LBC,L6_HPC,3.2,1.39,,,
L4_LBC,L6_IPC,3.1,1.24,,,
L4_LBC,L6_LBC,4.08,2.03,,,
L4_LBC,L6_MC,8.14,4.9,,,
L4_LBC,L6_NBC,4.66,2.68,,,
L4_LBC,L6_NGC,1.12,0.322,,,
L4_LBC,L6_SBC,5.16,2.75,,,
L4_LBC,L6_TPC:A,10.2,4.19,,,
L4_LBC,L6_TPC:C,9.78,4.36,,,
L4_LBC,L6_UPC,6.61,2.69,,,
L4_MC,L1_DAC,5.57,2.29,,,
L4_MC,L1_HAC,5.89,2.28,,,
L4_MC,L1_LAC,7.08,2.62,,,
L4_MC,L1_NGC-DA,7.44,2.9,,,
L4_MC,L1_NGC-SA,6.08,2.42,,,
L4_MC,L1_SAC,5.92,2.92,,,
L4_MC,L23_BP,1.08,0.306,,,
L4_MC,L23_BTC,12.2,5.76,,,
L4_MC,L23_CHC,10.2,5.19,,,
L4_MC,L23_DBC,3.14,1.32,,,
L4_MC,L23_LBC,12.4,7.78,,,
L4_MC,L23_MC,13.6,6.57,,,
L4_MC,L23_NBC,10.6,4.04,,,
L4_MC,L23_NGC,5.76,2.29,,,
L4_MC,L23_SBC,12.9,5.6,,,
L4_MC,L2_IPC,10.0,3.86,,,
L4_MC,L2_TPC:A,6.79,1.95,,,
L4_MC,L2_TPC:B,9.53,3.72,,,
L4_MC,L3_TPC:A,15.4,5.75,,,
L4_MC,L3_TPC:C,15.9,7.23,,,
L4_MC,L4_BP,12.4,4.75,,,
L4_MC,L4_BTC,12.9,4.69,,,
L4_MC,L4_CHC,16.0,7.85,,,
L4_MC,L4_DBC,8.75,2.92,,,
L4_MC,L4_LBC,15.2,6.36,,,
L4_MC,L4_MC,15.7,7.42,,,
L4_MC,L4_NBC,16.0,10.1,,,
L4_MC,L4_NGC,10.9,4.3,,,
L4_MC,L4_SBC,16.0,7.54,,,
L4_MC,L4_SSC,14.8,5.94,,,
L4_MC,L4_TPC,13.6,5.43,11.2,5.5,43.915827996340354
L4_MC,L4_UPC,16.9,7.69,,,
L4_MC,L5_BP,1.17,0.5920000000000001,,,
L4_MC,L5_BTC,7.63,3.3,,,
L4_MC,L5_CHC,8.11,5.36,,,
L4_MC,L5_DBC,1.04,0.196,,,
L4_MC,L5_LBC,7.92,3.44,,,
L4_MC,L5_MC,7.08,3.93,,,
L4_MC,L5_NBC,8.42,3.92,,,
L4_MC,L5_NGC,1.11,0.316,,,
L4_MC,L5_SBC,6.71,2.12,,,
L4_MC,L5_TPC:A,12.1,5.2,,,
L4_MC,L5_TPC:B,14.2,4.53,,,
L4_MC,L5_TPC:C,10.6,4.51,,,
L4_MC,L5_UPC,10.9,4.41,,,
L4_MC,L6_BP,1.0,0.0,,,
L4_MC,L6_BPC,5.34,2.4,,,
L4_MC,L6_BTC,1.09,0.284,,,
L4_MC,L6_CHC,1.0,0.0,,,
L4_MC,L6_DBC,1.23,0.5760000000000001,,,
L4_MC,L6_HPC,1.06,0.276,,,
L4_MC,L6_IPC,1.08,0.44,,,
L4_MC,L6_LBC,1.08,0.306,,,
L4_MC,L6_MC,8.16,2.94,,,
L4_MC,L6_NBC,1.11,0.371,,,
L4_MC,L6_SBC,1.17,0.46,,,
L4_MC,L6_TPC:A,7.14,2.16,,,
L4_MC,L6_TPC:C,7.61,2.97,,,
L4_MC,L6_UPC,4.36,2.24,,,
L4_NBC,L1_DAC,1.14,0.345,,,
L4_NBC,L1_HAC,2.0,0.5,,,
L4_NBC,L1_LAC,1.14,0.35,,,
L4_NBC,L1_NGC-DA,2.0,0.0,,,
L4_NBC,L1_NGC-SA,3.5,1.5,,,
L4_NBC,L1_SAC,4.0,0.0,,,
L4_NBC,L23_BP,2.31,0.8009999999999999,,,
L4_NBC,L23_BTC,14.3,7.59,,,
L4_NBC,L23_CHC,13.2,7.92,,,
L4_NBC,L23_DBC,3.72,1.67,,,
L4_NBC,L23_LBC,14.7,8.17,,,
L4_NBC,L23_MC,15.8,9.63,,,
L4_NBC,L23_NBC,13.5,4.85,,,
L4_NBC,L23_NGC,10.3,4.16,,,
L4_NBC,L23_SBC,12.8,5.27,,,
L4_NBC,L2_IPC,9.74,4.81,,,
L4_NBC,L2_TPC:A,6.16,2.66,,,
L4_NBC,L2_TPC:B,7.35,3.43,,,
L4_NBC,L3_TPC:A,17.7,8.8,,,
L4_NBC,L3_TPC:C,16.3,6.93,,,
L4_NBC,L4_BP,13.1,5.16,,,
L4_NBC,L4_BTC,16.7,7.3,,,
L4_NBC,L4_CHC,17.5,7.63,,,
L4_NBC,L4_DBC,11.2,4.49,,,
L4_NBC,L4_LBC,16.9,7.34,,,
L4_NBC,L4_MC,18.0,7.65,,,
L4_NBC,L4_NBC,20.6,14.2,,,
L4_NBC,L4_NGC,12.3,6.23,,,
L4_NBC,L4_SBC,18.7,8.67,,,
L4_NBC,L4_SSC,17.6,7.4,,,
L4_NBC,L4_TPC,19.1,8.74,15.8,4.1,51.40186915887851
L4_NBC,L4_UPC,17.6,6.84,,,
L4_NBC,L5_BP,1.31,0.611,,,
L4_NBC,L5_BTC,13.2,5.85,,,
L4_NBC,L5_CHC,13.4,4.39,,,
L4_NBC,L5_DBC,6.53,3.28,,,
L4_NBC,L5_LBC,14.3,7.45,,,
L4_NBC,L5_MC,13.0,5.62,,,
L4_NBC,L5_NBC,14.8,5.47,,,
L4_NBC,L5_NGC,6.23,2.41,,,
L4_NBC,L5_SBC,11.9,4.44,,,
L4_NBC,L5_TPC:A,20.2,11.3,,,
L4_NBC,L5_TPC:B,18.9,7.62,,,
L4_NBC,L5_TPC:C,17.2,6.92,,,
L4_NBC,L5_UPC,16.5,7.82,,,
L4_NBC,L6_BP,1.0,0.0,,,
L4_NBC,L6_BPC,7.66,2.4,,,
L4_NBC,L6_BTC,1.04,0.18899999999999997,,,
L4_NBC,L6_CHC,3.0,1.0,,,
L4_NBC,L6_DBC,1.2,0.542,,,
L4_NBC,L6_HPC,2.76,1.22,,,
L4_NBC,L6_IPC,1.06,0.276,,,
L4_NBC,L6_LBC,4.3,1.97,,,
L4_NBC,L6_MC,13.6,4.96,,,
L4_NBC,L6_NBC,4.5,1.91,,,
L4_NBC,L6_NGC,1.0,0.0,,,
L4_NBC,L6_SBC,5.0,1.41,,,
L4_NBC,L6_TPC:A,9.4,3.47,,,
L4_NBC,L6_TPC:C,9.89,4.25,,,
L4_NBC,L6_UPC,6.2,2.58,,,
L4_NGC,L23_BTC,15.0,2.94,,,
L4_NGC,L23_DBC,5.25,1.48,,,
L4_NGC,L23_LBC,16.4,7.77,,,
L4_NGC,L23_MC,15.3,9.63,,,
L4_NGC,L23_NBC,14.2,6.07,,,
L4_NGC,L23_SBC,16.7,13.4,,,
L4_NGC,L2_IPC,7.67,1.25,,,
L4_NGC,L2_TPC:B,1.0,0.0,,,
L4_NGC,L3_TPC:A,17.4,9.66,,,
L4_NGC,L3_TPC:C,15.8,7.09,,,
L4_NGC,L4_BP,18.6,8.33,,,
L4_NGC,L4_BTC,14.7,3.93,,,
L4_NGC,L4_CHC,20.0,0.0,,,
L4_NGC,L4_DBC,7.0,0.0,,,
L4_NGC,L4_LBC,19.3,10.7,,,
L4_NGC,L4_MC,22.0,10.6,,,
L4_NGC,L4_NBC,18.0,6.12,,,
L4_NGC,L4_NGC,12.0,0.0,,,
L4_NGC,L4_SBC,23.8,11.9,,,
L4_NGC,L4_SSC,18.7,7.46,,,
L4_NGC,L4_TPC,20.8,8.75,,,
L4_NGC,L4_UPC,20.1,9.8,,,
L4_NGC,L5_BP,2.5,1.0,,,
L4_NGC,L5_BTC,18.1,15.7,,,
L4_NGC,L5_CHC,24.0,0.0,,,
L4_NGC,L5_DBC,8.2,3.19,,,
L4_NGC,L5_LBC,13.6,5.71,,,
L4_NGC,L5_MC,12.9,5.19,,,
L4_NGC,L5_NBC,17.3,12.3,,,
L4_NGC,L5_SBC,15.6,5.5,,,
L4_NGC,L5_TPC:A,18.8,7.21,,,
L4_NGC,L5_TPC:B,22.3,11.9,,,
L4_NGC,L5_TPC:C,17.6,8.66,,,
L4_NGC,L5_UPC,18.0,8.93,,,
L4_NGC,L6_BPC,9.97,4.18,,,
L4_NGC,L6_DBC,3.0,0.0,,,
L4_NGC,L6_HPC,5.0,3.21,,,
L4_NGC,L6_LBC,4.0,0.7070000000000001,,,
L4_NGC,L6_NBC,14.5,0.5,,,
L4_NGC,L6_TPC:A,11.6,4.6,,,
L4_NGC,L6_TPC:C,11.5,4.82,,,
L4_NGC,L6_UPC,8.2,2.84,,,
L4_SBC,L1_DAC,1.0,0.0,,,
L4_SBC,L1_HAC,1.0,0.0,,,
L4_SBC,L1_NGC-DA,1.0,0.0,,,
L4_SBC,L1_NGC-SA,1.0,0.0,,,
L4_SBC,L1_SAC,6.0,0.0,,,
L4_SBC,L23_BP,1.0,0.0,,,
L4_SBC,L23_BTC,13.6,5.88,,,
L4_SBC,L23_DBC,5.17,1.77,,,
L4_SBC,L23_LBC,15.7,7.85,,,
L4_SBC,L23_MC,14.7,5.7,,,
L4_SBC,L23_NBC,14.7,8.18,,,
L4_SBC,L23_NGC,10.5,2.06,,,
L4_SBC,L23_SBC,14.0,5.85,,,
L4_SBC,L2_IPC,7.14,2.87,,,
L4_SBC,L2_TPC:A,3.27,0.68,,,
L4_SBC,L2_TPC:B,5.06,2.45,,,
L4_SBC,L3_TPC:A,17.6,9.84,,,
L4_SBC,L3_TPC:C,17.5,8.01,,,
L4_SBC,L4_BP,11.5,0.5,,,
L4_SBC,L4_BTC,17.1,5.87,,,
L4_SBC,L4_DBC,15.0,2.1,,,
L4_SBC,L4_LBC,13.5,6.52,12.33,5.558,19.374068554396423
L4_SBC,L4_MC,18.9,9.45,,,
L4_SBC,L4_NBC,23.8,18.8,,,
L4_SBC,L4_NGC,17.0,0.0,,,
L4_SBC,L4_SBC,14.8,6.92,12.33,5.558,39.58967783298606
L4_SBC,L4_SSC,20.0,8.76,,,
L4_SBC,L4_TPC,25.1,12.3,20.5,10.5,40.350877192982466
L4_SBC,L4_UPC,19.4,7.58,,,
L4_SBC,L5_BP,1.0,0.0,,,
L4_SBC,L5_BTC,11.7,4.19,,,
L4_SBC,L5_CHC,8.0,0.0,,,
L4_SBC,L5_DBC,5.08,1.61,,,
L4_SBC,L5_LBC,12.2,6.06,,,
L4_SBC,L5_MC,12.6,6.22,,,
L4_SBC,L5_NBC,13.4,5.23,,,
L4_SBC,L5_NGC,4.5,0.5,,,
L4_SBC,L5_SBC,11.7,5.45,,,
L4_SBC,L5_TPC:A,18.0,8.9,,,
L4_SBC,L5_TPC:B,18.7,8.75,,,
L4_SBC,L5_TPC:C,16.6,7.49,,,
L4_SBC,L5_UPC,14.7,5.05,,,
L4_SBC,L6_BPC,8.81,2.87,,,
L4_SBC,L6_DBC,1.0,0.0,,,
L4_SBC,L6_HPC,2.31,1.3,,,
L4_SBC,L6_IPC,1.11,0.314,,,
L4_SBC,L6_LBC,5.22,1.87,,,
L4_SBC,L6_MC,9.5,3.28,,,
L4_SBC,L6_NBC,7.25,1.64,,,
L4_SBC,L6_TPC:A,9.75,4.08,,,
L4_SBC,L6_TPC:C,10.6,4.62,,,
L4_SBC,L6_UPC,5.79,1.8,,,
L4_SSC,L1_DAC,1.11,0.397,,,
L4_SSC,L1_HAC,1.09,0.319,,,
L4_SSC,L1_LAC,1.11,0.445,,,
L4_SSC,L1_NGC-DA,1.09,0.28600000000000003,,,
L4_SSC,L1_NGC-SA,1.03,0.171,,,
L4_SSC,L1_SAC,1.12,0.382,,,
L4_SSC,L23_BP,1.12,0.382,,,
L4_SSC,L23_BTC,3.83,1.3,,,
L4_SSC,L23_CHC,4.43,2.84,,,
L4_SSC,L23_DBC,1.16,0.484,,,
L4_SSC,L23_LBC,4.21,1.59,,,
L4_SSC,L23_MC,5.49,2.83,,,
L4_SSC,L23_NBC,4.34,2.06,,,
L4_SSC,L23_NGC,1.08,0.271,,,
L4_SSC,L23_SBC,4.51,1.85,,,
L4_SSC,L2_IPC,2.72,1.13,,,
L4_SSC,L2_TPC:A,4.42,1.04,4.538,0.4985,-15.339616509587303
L4_SSC,L2_TPC:B,4.84,1.61,4.538,0.4985,28.645956841356373
L4_SSC,L3_TPC:A,4.66,1.63,4.538,0.4985,11.463471928588199
L4_SSC,L3_TPC:C,4.88,2.03,4.538,0.4985,27.051611627447073
L4_SSC,L4_BP,6.52,2.69,,,
L4_SSC,L4_BTC,7.49,2.55,,,
L4_SSC,L4_CHC,8.2,2.47,,,
L4_SSC,L4_DBC,3.48,1.37,,,
L4_SSC,L4_LBC,8.67,2.88,,,
L4_SSC,L4_MC,9.71,4.34,,,
L4_SSC,L4_NBC,9.77,4.1,,,
L4_SSC,L4_NGC,4.71,1.64,,,
L4_SSC,L4_SBC,8.56,2.71,,,
L4_SSC,L4_SSC,4.41,2.1,,,
L4_SSC,L4_TPC,5.17,2.15,,,
L4_SSC,L4_UPC,4.14,1.61,,,
L4_SSC,L5_BP,1.06,0.237,,,
L4_SSC,L5_BTC,6.77,2.88,,,
L4_SSC,L5_CHC,6.47,3.07,,,
L4_SSC,L5_DBC,1.23,0.563,,,
L4_SSC,L5_LBC,6.9,3.08,,,
L4_SSC,L5_MC,5.66,2.2,,,
L4_SSC,L5_NBC,5.9,2.14,,,
L4_SSC,L5_NGC,1.67,0.7879999999999999,,,
L4_SSC,L5_SBC,6.0,2.93,,,
L4_SSC,L5_TPC:A,5.95,2.46,,,
L4_SSC,L5_TPC:B,5.47,2.26,,,
L4_SSC,L5_TPC:C,5.05,2.34,,,
L4_SSC,L5_UPC,4.34,1.98,,,
L4_SSC,L6_BP,1.08,0.306,,,
L4_SSC,L6_BPC,2.79,1.18,,,
L4_SSC,L6_BTC,1.12,0.382,,,
L4_SSC,L6_CHC,1.11,0.34299999999999997,,,
L4_SSC,L6_DBC,1.07,0.255,,,
L4_SSC,L6_HPC,2.66,1.02,,,
L4_SSC,L6_IPC,2.83,1.32,,,
L4_SSC,L6_LBC,1.1,0.332,,,
L4_SSC,L6_MC,1.12,0.354,,,
L4_SSC,L6_NBC,1.18,0.536,,,
L4_SSC,L6_NGC,1.13,0.365,,,
L4_SSC,L6_SBC,1.1,0.361,,,
L4_SSC,L6_TPC:A,3.39,1.62,,,
L4_SSC,L6_TPC:C,3.63,1.72,,,
L4_SSC,L6_UPC,2.98,1.68,,,
L4_TPC,L1_DAC,1.12,0.382,,,
L4_TPC,L1_HAC,1.13,0.336,,,
L4_TPC,L1_LAC,1.15,0.384,,,
L4_TPC,L1_NGC-DA,1.1,0.41200000000000003,,,
L4_TPC,L1_NGC-SA,1.12,0.382,,,
L4_TPC,L1_SAC,1.13,0.56,,,
L4_TPC,L23_BP,1.17,0.47,,,
L4_TPC,L23_BTC,2.48,1.08,,,
L4_TPC,L23_CHC,1.11,0.313,,,
L4_TPC,L23_DBC,1.14,0.375,,,
L4_TPC,L23_LBC,3.28,1.79,,,
L4_TPC,L23_MC,2.59,0.895,,,
L4_TPC,L23_NBC,2.5,0.985,,,
L4_TPC,L23_NGC,1.12,0.45299999999999996,,,
L4_TPC,L23_SBC,1.11,0.34299999999999997,,,
L4_TPC,L2_IPC,2.63,1.01,,,
L4_TPC,L2_TPC:A,2.82,1.28,,,
L4_TPC,L2_TPC:B,2.95,1.45,,,
L4_TPC,L3_TPC:A,3.16,1.24,,,
L4_TPC,L3_TPC:C,3.07,1.51,,,
L4_TPC,L4_BP,4.79,2.11,,,
L4_TPC,L4_BTC,6.3,3.68,,,
L4_TPC,L4_CHC,4.24,1.88,3.5,1.5,43.78698224852073
L4_TPC,L4_DBC,1.7,0.8540000000000001,,,
L4_TPC,L4_LBC,8.27,2.83,7.1,3.1,39.46037099494098
L4_TPC,L4_MC,8.05,3.86,,,
L4_TPC,L4_NBC,4.02,1.78,3.4,1.5,37.804878048780466
L4_TPC,L4_NGC,3.04,1.35,,,
L4_TPC,L4_SBC,3.21,1.52,3.0,1.0,16.666666666666664
L4_TPC,L4_SSC,3.93,1.61,,,
L4_TPC,L4_TPC,3.56,1.5,,,
L4_TPC,L4_UPC,3.91,1.75,,,
L4_TPC,L5_BP,1.13,0.439,,,
L4_TPC,L5_BTC,7.58,3.59,,,
L4_TPC,L5_CHC,5.56,4.03,,,
L4_TPC,L5_DBC,1.14,0.53,,,
L4_TPC,L5_LBC,2.26,0.9009999999999999,,,
L4_TPC,L5_MC,6.25,3.27,,,
L4_TPC,L5_NBC,5.76,2.62,,,
L4_TPC,L5_NGC,1.12,0.382,,,
L4_TPC,L5_SBC,6.84,3.53,,,
L4_TPC,L5_TPC:A,5.64,2.88,,,
L4_TPC,L5_TPC:B,4.74,2.18,,,
L4_TPC,L5_TPC:C,4.04,1.71,,,
L4_TPC,L5_UPC,4.14,1.97,,,
L4_TPC,L6_BP,1.09,0.319,,,
L4_TPC,L6_BPC,2.79,1.34,,,
L4_TPC,L6_BTC,1.11,0.371,,,
L4_TPC,L6_CHC,1.21,0.45399999999999996,,,
L4_TPC,L6_DBC,1.13,0.462,,,
L4_TPC,L6_HPC,2.57,1.12,,,
L4_TPC,L6_IPC,2.52,0.9640000000000001,,,
L4_TPC,L6_LBC,1.1,0.332,,,
L4_TPC,L6_MC,2.38,0.858,,,
L4_TPC,L6_NBC,1.07,0.354,,,
L4_TPC,L6_NGC,1.09,0.28600000000000003,,,
L4_TPC,L6_SBC,1.15,0.409,,,
L4_TPC,L6_TPC:A,2.64,1.14,,,
L4_TPC,L6_TPC:C,3.4,1.97,,,
L4_TPC,L6_UPC,2.48,1.01,,,
L4_UPC,L1_DAC,2.42,0.79,,,
L4_UPC,L1_HAC,2.7,1.14,,,
L4_UPC,L1_LAC,3.58,1.66,,,
L4_UPC,L1_NGC-DA,4.37,1.82,,,
L4_UPC,L1_NGC-SA,4.34,1.66,,,
L4_UPC,L1_SAC,2.56,1.02,,,
L4_UPC,L23_BP,1.04,0.196,,,
L4_UPC,L23_BTC,5.55,2.7,,,
L4_UPC,L23_CHC,5.53,2.26,,,
L4_UPC,L23_DBC,1.11,0.313,,,
L4_UPC,L23_LBC,6.48,3.23,,,
L4_UPC,L23_MC,5.61,2.2,,,
L4_UPC,L23_NBC,5.64,2.25,,,
L4_UPC,L23_NGC,1.16,0.504,,,
L4_UPC,L23_SBC,4.97,1.6,,,
L4_UPC,L2_IPC,3.89,1.49,,,
L4_UPC,L2_TPC:A,3.48,1.53,,,
L4_UPC,L2_TPC:B,3.91,1.49,,,
L4_UPC,L3_TPC:A,3.58,1.31,,,
L4_UPC,L3_TPC:C,3.84,1.52,,,
L4_UPC,L4_BP,6.65,3.4,,,
L4_UPC,L4_BTC,7.86,2.74,,,
L4_UPC,L4_CHC,8.66,4.42,,,
L4_UPC,L4_DBC,4.53,2.57,,,
L4_UPC,L4_LBC,8.7,2.75,,,
L4_UPC,L4_MC,7.66,2.75,,,
L4_UPC,L4_NBC,7.86,3.25,,,
L4_UPC,L4_NGC,4.78,2.11,,,
L4_UPC,L4_SBC,10.5,4.93,,,
L4_UPC,L4_SSC,4.15,1.87,,,
L4_UPC,L4_TPC,5.81,2.6,,,
L4_UPC,L4_UPC,4.0,1.73,3.364,0.9791,46.95286257428667
L4_UPC,L5_BP,1.15,0.433,,,
L4_UPC,L5_BTC,6.93,4.2,,,
L4_UPC,L5_CHC,7.16,3.8,,,
L4_UPC,L5_DBC,1.17,0.511,,,
L4_UPC,L5_LBC,4.83,2.3,,,
L4_UPC,L5_MC,6.17,2.89,,,
L4_UPC,L5_NBC,4.62,2.36,,,
L4_UPC,L5_NGC,1.12,0.354,,,
L4_UPC,L5_SBC,4.47,2.92,,,
L4_UPC,L5_TPC:A,5.67,2.82,,,
L4_UPC,L5_TPC:B,6.2,3.19,,,
L4_UPC,L5_TPC:C,4.13,1.37,,,
L4_UPC,L5_UPC,4.19,1.78,,,
L4_UPC,L6_BP,1.15,0.49700000000000005,,,
L4_UPC,L6_BPC,2.65,1.1,,,
L4_UPC,L6_BTC,1.07,0.255,,,
L4_UPC,L6_CHC,1.1,0.332,,,
L4_UPC,L6_DBC,1.13,0.365,,,
L4_UPC,L6_HPC,2.64,1.01,,,
L4_UPC,L6_IPC,2.62,1.07,,,
L4_UPC,L6_LBC,1.08,0.306,,,
L4_UPC,L6_MC,1.08,0.306,,,
L4_UPC,L6_NBC,1.04,0.196,,,
L4_UPC,L6_NGC,1.08,0.366,,,
L4_UPC,L6_SBC,1.08,0.271,,,
L4_UPC,L6_TPC:A,3.53,1.82,,,
L4_UPC,L6_TPC:C,3.68,2.63,,,
L4_UPC,L6_UPC,2.74,1.21,,,
L5_BP,L1_DAC,1.39,0.591,,,
L5_BP,L1_HAC,2.43,1.18,,,
L5_BP,L1_LAC,4.5,0.5,,,
L5_BP,L1_NGC-DA,2.67,0.745,,,
L5_BP,L1_NGC-SA,3.0,0.816,,,
L5_BP,L1_SAC,2.25,0.433,,,
L5_BP,L23_BP,1.4,0.49,,,
L5_BP,L23_BTC,4.45,2.69,,,
L5_BP,L23_CHC,4.5,1.5,,,
L5_BP,L23_DBC,1.06,0.235,,,
L5_BP,L23_LBC,5.1,2.77,,,
L5_BP,L23_MC,6.14,2.53,,,
L5_BP,L23_NBC,3.83,1.61,,,
L5_BP,L23_NGC,1.0,0.0,,,
L5_BP,L23_SBC,4.15,1.39,,,
L5_BP,L2_IPC,2.6,0.872,,,
L5_BP,L2_TPC:A,1.12,0.382,,,
L5_BP,L2_TPC:B,2.26,0.879,,,
L5_BP,L3_TPC:A,4.3,1.95,,,
L5_BP,L3_TPC:C,4.33,2.6,,,
L5_BP,L4_BTC,10.8,4.9,,,
L5_BP,L4_CHC,15.0,0.0,,,
L5_BP,L4_DBC,20.0,0.0,,,
L5_BP,L4_LBC,9.11,5.47,,,
L5_BP,L4_MC,10.7,4.9,,,
L5_BP,L4_NBC,8.46,2.73,,,
L5_BP,L4_NGC,4.0,0.0,,,
L5_BP,L4_SBC,9.0,1.41,,,
L5_BP,L4_SSC,6.97,3.07,,,
L5_BP,L4_TPC,9.81,5.56,,,
L5_BP,L4_UPC,8.06,3.96,,,
L5_BP,L5_BP,1.14,0.35,,,
L5_BP,L5_BTC,9.71,3.81,,,
L5_BP,L5_CHC,6.0,1.41,,,
L5_BP,L5_DBC,1.05,0.20800000000000002,,,
L5_BP,L5_LBC,8.71,4.09,,,
L5_BP,L5_MC,9.44,5.42,,,
L5_BP,L5_NBC,9.36,4.55,,,
L5_BP,L5_NGC,4.83,0.687,,,
L5_BP,L5_SBC,10.4,5.79,,,
L5_BP,L5_TPC:A,11.3,5.5,,,
L5_BP,L5_TPC:B,13.1,6.51,,,
L5_BP,L5_TPC:C,10.7,4.74,,,
L5_BP,L5_UPC,10.8,5.55,,,
L5_BP,L6_BP,1.0,0.0,,,
L5_BP,L6_BPC,6.69,3.97,,,
L5_BP,L6_BTC,2.62,1.17,,,
L5_BP,L6_DBC,1.0,0.0,,,
L5_BP,L6_HPC,1.31,0.628,,,
L5_BP,L6_IPC,1.11,0.371,,,
L5_BP,L6_LBC,4.27,1.77,,,
L5_BP,L6_MC,4.0,1.64,,,
L5_BP,L6_NBC,3.08,1.32,,,
L5_BP,L6_NGC,1.5,0.5,,,
L5_BP,L6_SBC,5.75,1.09,,,
L5_BP,L6_TPC:A,6.42,3.07,,,
L5_BP,L6_TPC:C,7.87,3.7,,,
L5_BP,L6_UPC,6.17,2.77,,,
L5_BTC,L1_DAC,1.09,0.319,,,
L5_BTC,L1_HAC,1.1,0.45799999999999996,,,
L5_BTC,L1_LAC,1.12,0.363,,,
L5_BTC,L1_NGC-DA,2.03,0.78,,,
L5_BTC,L1_NGC-SA,1.11,0.34299999999999997,,,
L5_BTC,L1_SAC,1.06,0.237,,,
L5_BTC,L23_BP,1.06,0.28,,,
L5_BTC,L23_BTC,7.97,4.26,,,
L5_BTC,L23_CHC,6.15,2.71,,,
L5_BTC,L23_DBC,1.14,0.51,,,
L5_BTC,L23_LBC,7.82,3.44,,,
L5_BTC,L23_MC,8.11,4.29,,,
L5_BTC,L23_NBC,6.63,2.87,,,
L5_BTC,L23_NGC,2.51,1.07,,,
L5_BTC,L23_SBC,7.55,3.93,,,
L5_BTC,L2_IPC,6.34,2.45,,,
L5_BTC,L2_TPC:A,2.93,1.0,,,
L5_BTC,L2_TPC:B,5.61,2.16,,,
L5_BTC,L3_TPC:A,9.42,4.91,,,
L5_BTC,L3_TPC:C,9.17,5.03,,,
L5_BTC,L4_BP,5.61,2.29,,,
L5_BTC,L4_BTC,9.5,4.33,,,
L5_BTC,L4_CHC,10.8,4.56,,,
L5_BTC,L4_DBC,5.36,2.78,,,
L5_BTC,L4_LBC,11.0,4.19,,,
L5_BTC,L4_MC,11.3,4.11,,,
L5_BTC,L4_NBC,12.2,5.14,,,
L5_BTC,L4_NGC,6.04,2.02,,,
L5_BTC,L4_SBC,10.4,4.36,,,
L5_BTC,L4_SSC,10.3,4.09,,,
L5_BTC,L4_TPC,14.4,6.4,,,
L5_BTC,L4_UPC,12.0,6.17,,,
L5_BTC,L5_BP,1.11,0.34299999999999997,,,
L5_BTC,L5_BTC,11.3,4.88,,,
L5_BTC,L5_CHC,10.3,3.42,,,
L5_BTC,L5_DBC,3.92,2.02,,,
L5_BTC,L5_LBC,9.66,3.85,,,
L5_BTC,L5_MC,10.4,3.83,,,
L5_BTC,L5_NBC,11.1,4.98,,,
L5_BTC,L5_NGC,5.28,2.15,,,
L5_BTC,L5_SBC,10.6,4.23,,,
L5_BTC,L5_TPC:A,19.0,8.5,15.0,7.1,51.282051282051285
L5_BTC,L5_TPC:B,21.2,10.3,15.0,7.1,71.26436781609195
L5_BTC,L5_TPC:C,13.7,6.4,,,
L5_BTC,L5_UPC,14.7,7.4,,,
L5_BTC,L6_BP,1.07,0.294,,,
L5_BTC,L6_BPC,7.61,3.46,,,
L5_BTC,L6_BTC,7.4,4.06,,,
L5_BTC,L6_CHC,6.43,4.14,,,
L5_BTC,L6_DBC,1.15,0.47700000000000004,,,
L5_BTC,L6_HPC,7.93,4.55,,,
L5_BTC,L6_IPC,6.58,3.05,,,
L5_BTC,L6_LBC,6.87,2.97,,,
L5_BTC,L6_MC,6.87,3.14,,,
L5_BTC,L6_NBC,6.8,3.5,,,
L5_BTC,L6_NGC,3.0,1.33,,,
L5_BTC,L6_SBC,6.52,4.28,,,
L5_BTC,L6_TPC:A,7.24,2.85,,,
L5_BTC,L6_TPC:C,7.61,3.09,,,
L5_BTC,L6_UPC,7.14,3.83,,,
L5_CHC,L3_TPC:A,2.94,2.25,,,
L5_CHC,L3_TPC:C,3.26,2.13,,,
L5_CHC,L4_SSC,3.49,2.67,,,
L5_CHC,L4_TPC,4.56,4.75,,,
L5_CHC,L4_UPC,3.48,2.48,,,
L5_CHC,L5_TPC:A,5.65,5.08,,,
L5_CHC,L5_TPC:B,6.99,6.64,,,
L5_CHC,L5_TPC:C,6.02,6.08,,,
L5_CHC,L5_UPC,4.85,4.74,,,
L5_CHC,L6_BPC,3.45,4.18,,,
L5_CHC,L6_HPC,3.59,2.56,,,
L5_CHC,L6_IPC,3.88,4.87,,,
L5_CHC,L6_TPC:A,3.06,2.61,,,
L5_CHC,L6_TPC:C,2.48,1.6,,,
L5_CHC,L6_UPC,2.58,1.43,,,
L5_DBC,L1_DAC,4.0,1.0,,,
L5_DBC,L1_HAC,2.6,0.8,,,
L5_DBC,L1_NGC-DA,5.33,0.943,,,
L5_DBC,L1_NGC-SA,4.0,0.0,,,
L5_DBC,L1_SAC,7.0,0.0,,,
L5_DBC,L23_BP,1.5,0.5,,,
L5_DBC,L23_BTC,6.07,3.08,,,
L5_DBC,L23_CHC,8.0,1.0,,,
L5_DBC,L23_DBC,1.15,0.361,,,
L5_DBC,L23_LBC,7.24,3.72,,,
L5_DBC,L23_MC,8.04,4.66,,,
L5_DBC,L23_NBC,6.75,3.11,,,
L5_DBC,L23_NGC,3.5,0.5,,,
L5_DBC,L23_SBC,5.8,2.71,,,
L5_DBC,L2_IPC,5.18,2.22,,,
L5_DBC,L2_TPC:A,4.55,1.23,,,
L5_DBC,L2_TPC:B,5.96,2.22,,,
L5_DBC,L3_TPC:A,8.76,4.24,,,
L5_DBC,L3_TPC:C,8.91,4.29,,,
L5_DBC,L4_BP,1.14,0.35,,,
L5_DBC,L4_BTC,8.68,2.59,,,
L5_DBC,L4_CHC,10.8,7.73,,,
L5_DBC,L4_DBC,6.0,0.0,,,
L5_DBC,L4_LBC,11.0,5.86,,,
L5_DBC,L4_MC,13.8,8.05,,,
L5_DBC,L4_NBC,12.6,7.9,,,
L5_DBC,L4_NGC,22.0,13.0,,,
L5_DBC,L4_SBC,11.0,3.02,,,
L5_DBC,L4_SSC,11.6,5.23,,,
L5_DBC,L4_TPC,14.7,7.79,,,
L5_DBC,L4_UPC,12.5,6.87,,,
L5_DBC,L5_BP,1.08,0.271,,,
L5_DBC,L5_BTC,11.7,6.05,,,
L5_DBC,L5_CHC,10.0,2.68,,,
L5_DBC,L5_DBC,4.1,1.98,,,
L5_DBC,L5_LBC,11.3,4.37,,,
L5_DBC,L5_MC,13.1,5.69,,,
L5_DBC,L5_NBC,12.0,5.66,,,
L5_DBC,L5_NGC,6.31,1.57,,,
L5_DBC,L5_SBC,11.8,4.98,,,
L5_DBC,L5_TPC:A,17.5,10.1,,,
L5_DBC,L5_TPC:B,18.1,10.3,,,
L5_DBC,L5_TPC:C,14.7,5.93,,,
L5_DBC,L5_UPC,13.7,4.56,,,
L5_DBC,L6_BP,1.1,0.35100000000000003,,,
L5_DBC,L6_BPC,9.06,3.11,,,
L5_DBC,L6_BTC,9.14,3.74,,,
L5_DBC,L6_CHC,6.79,3.88,,,
L5_DBC,L6_DBC,1.08,0.271,,,
L5_DBC,L6_HPC,7.75,2.87,,,
L5_DBC,L6_IPC,8.67,3.29,,,
L5_DBC,L6_LBC,8.54,3.52,,,
L5_DBC,L6_MC,7.97,3.61,,,
L5_DBC,L6_NBC,9.06,4.3,,,
L5_DBC,L6_NGC,6.31,1.99,,,
L5_DBC,L6_SBC,8.25,3.05,,,
L5_DBC,L6_TPC:A,9.85,4.0,,,
L5_DBC,L6_TPC:C,10.3,4.16,,,
L5_DBC,L6_UPC,9.82,4.4,,,
L5_LBC,L1_DAC,2.82,1.17,,,
L5_LBC,L1_HAC,3.0,1.65,,,
L5_LBC,L1_LAC,4.0,1.35,,,
L5_LBC,L1_NGC-DA,5.12,2.54,,,
L5_LBC,L1_NGC-SA,4.6,2.2,,,
L5_LBC,L1_SAC,2.79,1.24,,,
L5_LBC,L23_BP,1.1,0.306,,,
L5_LBC,L23_BTC,8.23,5.02,,,
L5_LBC,L23_CHC,7.28,2.73,,,
L5_LBC,L23_DBC,1.06,0.237,,,
L5_LBC,L23_LBC,8.43,3.76,,,
L5_LBC,L23_MC,8.55,4.34,,,
L5_LBC,L23_NBC,7.76,3.14,,,
L5_LBC,L23_NGC,3.74,1.09,,,
L5_LBC,L23_SBC,7.49,3.46,,,
L5_LBC,L2_IPC,8.03,3.76,,,
L5_LBC,L2_TPC:A,5.8,2.29,,,
L5_LBC,L2_TPC:B,7.13,3.62,,,
L5_LBC,L3_TPC:A,10.4,5.59,,,
L5_LBC,L3_TPC:C,8.75,3.52,,,
L5_LBC,L4_BP,3.48,1.94,,,
L5_LBC,L4_BTC,10.8,4.22,,,
L5_LBC,L4_CHC,11.8,5.31,,,
L5_LBC,L4_DBC,5.69,2.19,,,
L5_LBC,L4_LBC,13.2,6.89,,,
L5_LBC,L4_MC,15.0,6.75,,,
L5_LBC,L4_NBC,12.8,5.27,,,
L5_LBC,L4_NGC,7.27,2.71,,,
L5_LBC,L4_SBC,13.1,4.94,,,
L5_LBC,L4_SSC,10.8,3.59,,,
L5_LBC,L4_TPC,13.5,6.69,,,
L5_LBC,L4_UPC,11.9,5.07,,,
L5_LBC,L5_BP,1.09,0.349,,,
L5_LBC,L5_BTC,13.6,6.11,,,
L5_LBC,L5_CHC,11.6,3.72,,,
L5_LBC,L5_DBC,5.32,1.91,,,
L5_LBC,L5_LBC,12.1,4.6,,,
L5_LBC,L5_MC,13.9,5.97,,,
L5_LBC,L5_NBC,13.3,5.42,,,
L5_LBC,L5_NGC,6.83,2.96,,,
L5_LBC,L5_SBC,13.4,4.57,,,
L5_LBC,L5_TPC:A,18.6,9.29,,,
L5_LBC,L5_TPC:B,21.6,8.86,,,
L5_LBC,L5_TPC:C,16.7,6.27,,,
L5_LBC,L5_UPC,16.3,6.07,,,
L5_LBC,L6_BP,1.13,0.391,,,
L5_LBC,L6_BPC,9.1,5.38,,,
L5_LBC,L6_BTC,9.17,3.24,,,
L5_LBC,L6_CHC,7.63,3.32,,,
L5_LBC,L6_DBC,1.13,0.391,,,
L5_LBC,L6_HPC,9.05,4.3,,,
L5_LBC,L6_IPC,8.15,3.72,,,
L5_LBC,L6_LBC,8.28,4.31,,,
L5_LBC,L6_MC,9.01,3.75,,,
L5_LBC,L6_NBC,7.71,3.32,,,
L5_LBC,L6_NGC,4.32,1.85,,,
L5_LBC,L6_SBC,7.08,3.36,,,
L5_LBC,L6_TPC:A,9.87,5.08,,,
L5_LBC,L6_TPC:C,8.86,3.65,,,
L5_LBC,L6_UPC,10.3,5.54,,,
L5_MC,L1_DAC,6.41,2.08,,,
L5_MC,L1_HAC,7.41,3.11,,,
L5_MC,L1_LAC,8.01,3.81,,,
L5_MC,L1_NGC-DA,8.17,3.95,,,
L5_MC,L1_NGC-SA,7.61,3.07,,,
L5_MC,L1_SAC,6.96,2.64,,,
L5_MC,L23_BP,1.11,0.34299999999999997,,,
L5_MC,L23_BTC,8.35,3.24,,,
L5_MC,L23_CHC,10.6,5.11,,,
L5_MC,L23_DBC,1.15,0.433,,,
L5_MC,L23_LBC,10.4,4.46,,,
L5_MC,L23_MC,9.48,4.27,,,
L5_MC,L23_NBC,9.04,3.62,,,
L5_MC,L23_NGC,5.22,2.36,,,
L5_MC,L23_SBC,7.97,3.86,,,
L5_MC,L2_IPC,11.7,5.79,,,
L5_MC,L2_TPC:A,9.25,4.18,,,
L5_MC,L2_TPC:B,11.5,5.06,,,
L5_MC,L3_TPC:A,8.68,3.2,,,
L5_MC,L3_TPC:C,8.3,3.02,,,
L5_MC,L4_BP,6.78,2.78,,,
L5_MC,L4_BTC,10.3,4.62,,,
L5_MC,L4_CHC,10.1,3.44,,,
L5_MC,L4_DBC,5.26,2.31,,,
L5_MC,L4_LBC,13.1,8.98,,,
L5_MC,L4_MC,12.2,5.85,,,
L5_MC,L4_NBC,12.2,5.2,,,
L5_MC,L4_NGC,6.54,1.98,,,
L5_MC,L4_SBC,12.9,7.38,,,
L5_MC,L4_SSC,9.86,3.83,,,
L5_MC,L4_TPC,13.7,5.75,,,
L5_MC,L4_UPC,11.6,5.63,,,
L5_MC,L5_BP,1.13,0.41600000000000004,,,
L5_MC,L5_BTC,12.1,6.42,,,
L5_MC,L5_CHC,11.8,6.11,,,
L5_MC,L5_DBC,4.3,2.11,,,
L5_MC,L5_LBC,11.6,4.79,,,
L5_MC,L5_MC,12.2,5.41,,,
L5_MC,L5_NBC,12.0,6.05,,,
L5_MC,L5_NGC,6.11,2.96,,,
L5_MC,L5_SBC,11.0,5.03,,,
L5_MC,L5_TPC:A,14.8,7.92,12.0,2.55,53.486150907354364
L5_MC,L5_TPC:B,15.1,8.07,12.0,2.55,58.38041431261769
L5_MC,L5_TPC:C,15.7,6.95,,,
L5_MC,L5_UPC,14.1,6.59,,,
L5_MC,L6_BP,1.06,0.242,,,
L5_MC,L6_BPC,6.65,2.85,,,
L5_MC,L6_BTC,4.33,2.26,,,
L5_MC,L6_CHC,2.62,1.15,,,
L5_MC,L6_DBC,1.18,0.498,,,
L5_MC,L6_HPC,4.95,2.15,,,
L5_MC,L6_IPC,3.11,1.42,,,
L5_MC,L6_LBC,5.06,2.91,,,
L5_MC,L6_MC,5.34,3.94,,,
L5_MC,L6_NBC,4.83,2.62,,,
L5_MC,L6_NGC,1.11,0.314,,,
L5_MC,L6_SBC,3.98,1.88,,,
L5_MC,L6_TPC:A,7.85,5.29,,,
L5_MC,L6_TPC:C,7.73,4.59,,,
L5_MC,L6_UPC,6.23,2.89,,,
L5_NBC,L1_DAC,1.0,0.0,,,
L5_NBC,L1_HAC,1.5,0.5,,,
L5_NBC,L1_LAC,1.0,0.0,,,
L5_NBC,L1_NGC-DA,2.0,0.0,,,
L5_NBC,L1_NGC-SA,1.5,0.5,,,
L5_NBC,L1_SAC,1.0,0.0,,,
L5_NBC,L23_BP,1.1,0.39,,,
L5_NBC,L23_BTC,8.13,4.15,,,
L5_NBC,L23_CHC,6.88,2.32,,,
L5_NBC,L23_DBC,1.09,0.319,,,
L5_NBC,L23_LBC,7.44,3.34,,,
L5_NBC,L23_MC,8.11,3.66,,,
L5_NBC,L23_NBC,6.47,3.21,,,
L5_NBC,L23_NGC,3.39,1.25,,,
L5_NBC,L23_SBC,6.06,2.43,,,
L5_NBC,L2_IPC,1.14,0.375,,,
L5_NBC,L2_TPC:A,1.16,0.467,,,
L5_NBC,L2_TPC:B,1.18,0.753,,,
L5_NBC,L3_TPC:A,8.79,4.27,,,
L5_NBC,L3_TPC:C,8.93,3.91,,,
L5_NBC,L4_BP,5.39,3.53,,,
L5_NBC,L4_BTC,11.9,4.88,,,
L5_NBC,L4_CHC,13.1,5.5,,,
L5_NBC,L4_DBC,7.15,3.15,,,
L5_NBC,L4_LBC,13.8,6.36,,,
L5_NBC,L4_MC,14.9,6.64,,,
L5_NBC,L4_NBC,16.2,8.41,,,
L5_NBC,L4_NGC,10.0,4.94,,,
L5_NBC,L4_SBC,13.3,6.4,,,
L5_NBC,L4_SSC,12.5,5.0,,,
L5_NBC,L4_TPC,17.4,9.08,,,
L5_NBC,L4_UPC,14.0,6.62,,,
L5_NBC,L5_BP,2.7,1.4,,,
L5_NBC,L5_BTC,15.2,5.82,,,
L5_NBC,L5_CHC,14.2,6.3,,,
L5_NBC,L5_DBC,6.74,2.84,,,
L5_NBC,L5_LBC,12.9,6.7,,,
L5_NBC,L5_MC,14.8,6.97,,,
L5_NBC,L5_NBC,14.8,5.83,,,
L5_NBC,L5_NGC,8.52,3.4,,,
L5_NBC,L5_SBC,15.0,7.6,,,
L5_NBC,L5_TPC:A,20.8,8.94,,,
L5_NBC,L5_TPC:B,23.6,10.7,,,
L5_NBC,L5_TPC:C,18.0,8.34,,,
L5_NBC,L5_UPC,17.7,8.19,,,
L5_NBC,L6_BP,1.16,0.441,,,
L5_NBC,L6_BPC,9.39,3.13,,,
L5_NBC,L6_BTC,9.06,4.55,,,
L5_NBC,L6_CHC,7.58,2.88,,,
L5_NBC,L6_DBC,1.06,0.237,,,
L5_NBC,L6_HPC,7.95,2.53,,,
L5_NBC,L6_IPC,10.2,5.67,,,
L5_NBC,L6_LBC,8.83,4.28,,,
L5_NBC,L6_MC,8.93,4.05,,,
L5_NBC,L6_NBC,9.79,5.21,,,
L5_NBC,L6_NGC,4.77,2.12,,,
L5_NBC,L6_SBC,7.8,3.38,,,
L5_NBC,L6_TPC:A,10.3,4.84,,,
L5_NBC,L6_TPC:C,10.5,4.22,,,
L5_NBC,L6_UPC,9.06,5.03,,,
L5_NGC,L23_BTC,2.5,0.5,,,
L5_NGC,L23_DBC,1.0,0.0,,,
L5_NGC,L23_LBC,5.0,1.22,,,
L5_NGC,L23_MC,5.89,1.79,,,
L5_NGC,L23_NBC,1.0,0.0,,,
L5_NGC,L3_TPC:A,1.09,0.384,,,
L5_NGC,L3_TPC:C,1.0,0.0,,,
L5_NGC,L4_BP,1.06,0.22899999999999998,,,
L5_NGC,L4_BTC,10.2,4.77,,,
L5_NGC,L4_CHC,10.0,0.0,,,
L5_NGC,L4_DBC,1.0,0.0,,,
L5_NGC,L4_LBC,8.64,4.36,,,
L5_NGC,L4_MC,9.82,2.78,,,
L5_NGC,L4_NBC,9.78,2.74,,,
L5_NGC,L4_NGC,1.0,0.0,,,
L5_NGC,L4_SBC,10.7,3.86,,,
L5_NGC,L4_SSC,6.54,2.1,,,
L5_NGC,L4_TPC,9.4,4.03,,,
L5_NGC,L4_UPC,7.34,3.04,,,
L5_NGC,L5_BP,1.1,0.298,,,
L5_NGC,L5_BTC,14.0,7.26,,,
L5_NGC,L5_CHC,15.2,6.6,,,
L5_NGC,L5_DBC,5.79,3.7,,,
L5_NGC,L5_LBC,11.7,4.66,,,
L5_NGC,L5_MC,12.2,5.15,,,
L5_NGC,L5_NBC,12.6,5.43,,,
L5_NGC,L5_NGC,8.08,3.12,,,
L5_NGC,L5_SBC,12.4,5.14,,,
L5_NGC,L5_TPC:A,17.6,8.04,,,
L5_NGC,L5_TPC:B,18.0,7.36,,,
L5_NGC,L5_TPC:C,14.4,7.68,,,
L5_NGC,L5_UPC,13.2,5.45,,,
L5_NGC,L6_BP,1.0,0.0,,,
L5_NGC,L6_BPC,10.1,4.6,,,
L5_NGC,L6_BTC,9.31,4.3,,,
L5_NGC,L6_CHC,7.67,2.43,,,
L5_NGC,L6_DBC,1.29,0.7,,,
L5_NGC,L6_HPC,8.31,3.44,,,
L5_NGC,L6_IPC,9.46,3.15,,,
L5_NGC,L6_LBC,10.1,5.42,,,
L5_NGC,L6_MC,9.19,3.07,,,
L5_NGC,L6_NBC,9.1,3.57,,,
L5_NGC,L6_NGC,3.6,1.36,,,
L5_NGC,L6_SBC,8.69,3.39,,,
L5_NGC,L6_TPC:A,8.92,3.57,,,
L5_NGC,L6_TPC:C,9.52,3.63,,,
L5_NGC,L6_UPC,9.13,4.09,,,
L5_SBC,L1_DAC,1.0,0.0,,,
L5_SBC,L1_HAC,7.0,0.0,,,
L5_SBC,L1_SAC,1.0,0.0,,,
L5_SBC,L23_BP,1.0,0.0,,,
L5_SBC,L23_BTC,8.4,3.03,,,
L5_SBC,L23_DBC,1.17,0.373,,,
L5_SBC,L23_LBC,8.06,3.61,,,
L5_SBC,L23_MC,10.8,5.8,,,
L5_SBC,L23_NBC,9.68,4.69,,,
L5_SBC,L23_NGC,2.5,0.5,,,
L5_SBC,L23_SBC,6.91,1.38,,,
L5_SBC,L2_IPC,4.07,1.62,,,
L5_SBC,L2_TPC:A,1.55,0.669,,,
L5_SBC,L2_TPC:B,2.96,0.953,,,
L5_SBC,L3_TPC:A,11.0,5.09,,,
L5_SBC,L3_TPC:C,9.7,3.96,,,
L5_SBC,L4_BP,3.74,1.62,,,
L5_SBC,L4_BTC,12.7,4.6,,,
L5_SBC,L4_CHC,12.3,2.05,,,
L5_SBC,L4_DBC,12.0,5.97,,,
L5_SBC,L4_LBC,14.2,5.43,,,
L5_SBC,L4_MC,15.3,6.52,,,
L5_SBC,L4_NBC,16.8,7.84,,,
L5_SBC,L4_NGC,9.33,2.49,,,
L5_SBC,L4_SBC,14.7,6.42,,,
L5_SBC,L4_SSC,13.1,5.42,,,
L5_SBC,L4_TPC,17.0,8.11,,,
L5_SBC,L4_UPC,14.2,5.93,,,
L5_SBC,L5_BP,3.67,1.21,,,
L5_SBC,L5_BTC,17.4,8.62,,,
L5_SBC,L5_CHC,15.2,5.87,,,
L5_SBC,L5_DBC,8.29,2.85,,,
L5_SBC,L5_LBC,16.9,6.35,,,
L5_SBC,L5_MC,17.6,7.48,,,
L5_SBC,L5_NBC,16.7,7.79,,,
L5_SBC,L5_NGC,8.52,1.91,,,
L5_SBC,L5_SBC,16.4,5.89,,,
L5_SBC,L5_TPC:A,22.9,9.22,,,
L5_SBC,L5_TPC:B,27.5,12.2,,,
L5_SBC,L5_TPC:C,20.1,10.1,,,
L5_SBC,L5_UPC,19.8,8.45,,,
L5_SBC,L6_BP,3.0,0.816,,,
L5_SBC,L6_BPC,11.1,4.88,,,
L5_SBC,L6_BTC,11.5,5.48,,,
L5_SBC,L6_CHC,7.67,2.43,,,
L5_SBC,L6_DBC,2.47,1.54,,,
L5_SBC,L6_HPC,11.2,4.79,,,
L5_SBC,L6_IPC,11.8,5.47,,,
L5_SBC,L6_LBC,10.5,4.3,,,
L5_SBC,L6_MC,12.4,5.93,,,
L5_SBC,L6_NBC,10.1,4.04,,,
L5_SBC,L6_NGC,5.67,0.943,,,
L5_SBC,L6_SBC,9.85,5.02,,,
L5_SBC,L6_TPC:A,10.8,4.38,,,
L5_SBC,L6_TPC:C,11.2,5.28,,,
L5_SBC,L6_UPC,10.4,3.79,,,
L5_TPC:A,L1_DAC,1.12,0.40700000000000003,,,
L5_TPC:A,L1_HAC,1.13,0.391,,,
L5_TPC:A,L1_LAC,1.15,0.35700000000000004,,,
L5_TPC:A,L1_NGC-DA,1.17,0.376,,,
L5_TPC:A,L1_NGC-SA,1.17,0.426,,,
L5_TPC:A,L1_SAC,1.15,0.433,,,
L5_TPC:A,L23_BP,1.08,0.306,,,
L5_TPC:A,L23_BTC,1.12,0.382,,,
L5_TPC:A,L23_CHC,3.26,1.69,,,
L5_TPC:A,L23_DBC,1.11,0.34299999999999997,,,
L5_TPC:A,L23_LBC,2.64,1.08,,,
L5_TPC:A,L23_MC,2.54,1.03,,,
L5_TPC:A,L23_NBC,1.14,0.34700000000000003,,,
L5_TPC:A,L23_NGC,1.09,0.319,,,
L5_TPC:A,L23_SBC,1.16,0.504,,,
L5_TPC:A,L2_IPC,2.73,1.22,,,
L5_TPC:A,L2_TPC:A,2.85,1.23,,,
L5_TPC:A,L2_TPC:B,2.62,0.978,,,
L5_TPC:A,L3_TPC:A,2.85,1.43,,,
L5_TPC:A,L3_TPC:C,2.87,1.25,,,
L5_TPC:A,L4_BP,1.11,0.34299999999999997,,,
L5_TPC:A,L4_BTC,2.82,1.45,,,
L5_TPC:A,L4_CHC,4.34,2.21,,,
L5_TPC:A,L4_DBC,1.16,0.441,,,
L5_TPC:A,L4_LBC,4.4,2.0,,,
L5_TPC:A,L4_MC,4.52,1.58,,,
L5_TPC:A,L4_NBC,5.77,2.35,,,
L5_TPC:A,L4_NGC,1.07,0.292,,,
L5_TPC:A,L4_SBC,4.13,1.74,,,
L5_TPC:A,L4_SSC,2.59,0.895,,,
L5_TPC:A,L4_TPC,3.33,1.57,,,
L5_TPC:A,L4_UPC,2.67,1.06,,,
L5_TPC:A,L5_BP,1.06,0.237,,,
L5_TPC:A,L5_BTC,7.86,3.1,,,
L5_TPC:A,L5_CHC,6.38,2.48,,,
L5_TPC:A,L5_DBC,1.08,0.271,,,
L5_TPC:A,L5_LBC,6.43,2.7,,,
L5_TPC:A,L5_MC,10.5,3.84,8.5,1.8030000000000002,70.8842814105972
L5_TPC:A,L5_NBC,7.2,2.52,,,
L5_TPC:A,L5_NGC,2.55,0.91,,,
L5_TPC:A,L5_SBC,7.37,2.28,,,
L5_TPC:A,L5_TPC:A,7.26,3.4,5.579,1.042,75.68662764520485
L5_TPC:A,L5_TPC:B,7.78,4.23,5.579,1.042,83.49772382397573
L5_TPC:A,L5_TPC:C,5.33,2.32,,,
L5_TPC:A,L5_UPC,3.96,1.74,,,
L5_TPC:A,L6_BP,1.1,0.436,,,
L5_TPC:A,L6_BPC,3.07,1.27,,,
L5_TPC:A,L6_BTC,4.49,1.89,,,
L5_TPC:A,L6_CHC,5.05,2.74,,,
L5_TPC:A,L6_DBC,1.16,0.39299999999999996,,,
L5_TPC:A,L6_HPC,3.44,1.6,,,
L5_TPC:A,L6_IPC,3.12,1.26,,,
L5_TPC:A,L6_LBC,4.99,2.4,,,
L5_TPC:A,L6_MC,6.54,2.0,,,
L5_TPC:A,L6_NBC,5.25,2.39,,,
L5_TPC:A,L6_NGC,1.32,0.614,,,
L5_TPC:A,L6_SBC,3.45,1.56,,,
L5_TPC:A,L6_TPC:A,4.04,1.67,,,
L5_TPC:A,L6_TPC:C,3.91,2.01,,,
L5_TPC:A,L6_UPC,3.46,1.55,,,
L5_TPC:B,L1_DAC,1.14,0.51,,,
L5_TPC:B,L1_HAC,1.05,0.218,,,
L5_TPC:B,L1_LAC,1.17,0.491,,,
L5_TPC:B,L1_NGC-DA,1.76,0.862,,,
L5_TPC:B,L1_NGC-SA,1.15,0.384,,,
L5_TPC:B,L1_SAC,1.07,0.324,,,
L5_TPC:B,L23_BP,1.1,0.387,,,
L5_TPC:B,L23_BTC,1.08,0.306,,,
L5_TPC:B,L23_CHC,4.16,2.08,,,
L5_TPC:B,L23_DBC,1.13,0.523,,,
L5_TPC:B,L23_LBC,1.12,0.354,,,
L5_TPC:B,L23_MC,2.61,1.1,,,
L5_TPC:B,L23_NBC,1.08,0.271,,,
L5_TPC:B,L23_NGC,1.08,0.337,,,
L5_TPC:B,L23_SBC,1.09,0.319,,,
L5_TPC:B,L2_IPC,3.07,1.82,,,
L5_TPC:B,L2_TPC:A,2.62,1.31,,,
L5_TPC:B,L2_TPC:B,2.97,1.43,,,
L5_TPC:B,L3_TPC:A,2.68,1.09,,,
L5_TPC:B,L3_TPC:C,2.66,1.37,,,
L5_TPC:B,L4_BP,1.12,0.382,,,
L5_TPC:B,L4_BTC,2.76,1.2,,,
L5_TPC:B,L4_CHC,4.12,2.05,,,
L5_TPC:B,L4_DBC,1.14,0.4,,,
L5_TPC:B,L4_LBC,3.47,1.57,,,
L5_TPC:B,L4_MC,4.29,1.91,,,
L5_TPC:B,L4_NBC,2.66,1.12,,,
L5_TPC:B,L4_NGC,1.12,0.354,,,
L5_TPC:B,L4_SBC,3.94,1.49,,,
L5_TPC:B,L4_SSC,2.7,1.03,,,
L5_TPC:B,L4_TPC,3.12,1.35,,,
L5_TPC:B,L4_UPC,3.12,1.51,,,
L5_TPC:B,L5_BP,1.11,0.34299999999999997,,,
L5_TPC:B,L5_BTC,8.56,3.52,,,
L5_TPC:B,L5_CHC,8.07,2.99,,,
L5_TPC:B,L5_DBC,1.09,0.319,,,
L5_TPC:B,L5_LBC,6.58,3.43,,,
L5_TPC:B,L5_MC,10.1,4.74,8.5,1.8030000000000002,48.907229099801306
L5_TPC:B,L5_NBC,7.92,3.79,,,
L5_TPC:B,L5_NGC,2.49,0.7809999999999999,,,
L5_TPC:B,L5_SBC,8.32,3.57,,,
L5_TPC:B,L5_TPC:A,6.35,3.06,5.579,1.042,37.59141882008775
L5_TPC:B,L5_TPC:B,5.72,2.42,5.579,1.042,8.145580589254767
L5_TPC:B,L5_TPC:C,4.16,1.66,,,
L5_TPC:B,L5_UPC,4.6,1.92,,,
L5_TPC:B,L6_BP,1.17,0.44799999999999995,,,
L5_TPC:B,L6_BPC,4.83,2.52,,,
L5_TPC:B,L6_BTC,7.58,4.02,,,
L5_TPC:B,L6_CHC,7.22,2.9,,,
L5_TPC:B,L6_DBC,1.14,0.425,,,
L5_TPC:B,L6_HPC,4.22,1.94,,,
L5_TPC:B,L6_IPC,3.96,2.07,,,
L5_TPC:B,L6_LBC,6.64,2.67,,,
L5_TPC:B,L6_MC,6.98,3.29,,,
L5_TPC:B,L6_NBC,7.38,3.09,,,
L5_TPC:B,L6_NGC,2.66,1.12,,,
L5_TPC:B,L6_SBC,5.36,2.41,,,
L5_TPC:B,L6_TPC:A,3.71,1.81,,,
L5_TPC:B,L6_TPC:C,4.05,1.73,,,
L5_TPC:B,L6_UPC,4.12,1.76,,,
L5_TPC:C,L1_DAC,1.1,0.332,,,
L5_TPC:C,L1_HAC,1.1,0.3,,,
L5_TPC:C,L1_LAC,1.1,0.332,,,
L5_TPC:C,L1_NGC-DA,1.17,0.47,,,
L5_TPC:C,L1_NGC-SA,1.15,0.409,,,
L5_TPC:C,L1_SAC,1.12,0.45299999999999996,,,
L5_TPC:C,L23_BP,1.06,0.276,,,
L5_TPC:C,L23_BTC,1.16,0.418,,,
L5_TPC:C,L23_CHC,1.22,0.5579999999999999,,,
L5_TPC:C,L23_DBC,1.05,0.26,,,
L5_TPC:C,L23_LBC,1.22,0.5579999999999999,,,
L5_TPC:C,L23_MC,1.11,0.34299999999999997,,,
L5_TPC:C,L23_NBC,1.09,0.319,,,
L5_TPC:C,L23_NGC,1.11,0.371,,,
L5_TPC:C,L23_SBC,1.12,0.382,,,
L5_TPC:C,L2_IPC,2.77,1.16,,,
L5_TPC:C,L2_TPC:A,2.57,0.982,,,
L5_TPC:C,L2_TPC:B,2.9,1.49,,,
L5_TPC:C,L3_TPC:A,2.9,1.21,,,
L5_TPC:C,L3_TPC:C,2.66,1.15,,,
L5_TPC:C,L4_BP,1.16,0.484,,,
L5_TPC:C,L4_BTC,2.54,0.805,,,
L5_TPC:C,L4_CHC,4.39,2.2,,,
L5_TPC:C,L4_DBC,1.08,0.271,,,
L5_TPC:C,L4_LBC,4.35,1.9,,,
L5_TPC:C,L4_MC,5.39,2.19,,,
L5_TPC:C,L4_NBC,5.16,2.51,,,
L5_TPC:C,L4_NGC,1.08,0.271,,,
L5_TPC:C,L4_SBC,3.99,1.57,,,
L5_TPC:C,L4_SSC,2.88,1.23,,,
L5_TPC:C,L4_TPC,3.53,1.59,,,
L5_TPC:C,L4_UPC,3.19,1.65,,,
L5_TPC:C,L5_BP,1.09,0.319,,,
L5_TPC:C,L5_BTC,6.7,2.84,,,
L5_TPC:C,L5_CHC,6.69,2.42,,,
L5_TPC:C,L5_DBC,1.14,0.375,,,
L5_TPC:C,L5_LBC,6.5,3.19,,,
L5_TPC:C,L5_MC,8.15,3.65,,,
L5_TPC:C,L5_NBC,7.28,4.01,,,
L5_TPC:C,L5_NGC,2.07,0.897,,,
L5_TPC:C,L5_SBC,7.62,3.15,,,
L5_TPC:C,L5_TPC:A,5.17,2.23,,,
L5_TPC:C,L5_TPC:B,6.54,3.24,,,
L5_TPC:C,L5_TPC:C,4.24,1.81,4.0,1.254,15.665796344647534
L5_TPC:C,L5_UPC,4.49,2.08,,,
L5_TPC:C,L6_BP,1.11,0.371,,,
L5_TPC:C,L6_BPC,3.44,1.57,,,
L5_TPC:C,L6_BTC,5.12,2.47,,,
L5_TPC:C,L6_CHC,3.41,1.86,,,
L5_TPC:C,L6_DBC,1.19,0.484,,,
L5_TPC:C,L6_HPC,3.83,2.01,,,
L5_TPC:C,L6_IPC,3.15,1.28,,,
L5_TPC:C,L6_LBC,4.66,2.61,,,
L5_TPC:C,L6_MC,4.43,2.29,,,
L5_TPC:C,L6_NBC,5.13,3.16,,,
L5_TPC:C,L6_NGC,1.25,0.654,,,
L5_TPC:C,L6_SBC,4.0,2.13,,,
L5_TPC:C,L6_TPC:A,4.35,2.46,,,
L5_TPC:C,L6_TPC:C,3.86,1.93,,,
L5_TPC:C,L6_UPC,3.77,2.1,,,
L5_UPC,L1_DAC,1.1,0.332,,,
L5_UPC,L1_HAC,1.1,0.332,,,
L5_UPC,L1_LAC,1.14,0.384,,,
L5_UPC,L1_NGC-DA,1.1,0.3,,,
L5_UPC,L1_NGC-SA,1.15,0.384,,,
L5_UPC,L1_SAC,1.14,0.47600000000000003,,,
L5_UPC,L23_BP,1.16,0.466,,,
L5_UPC,L23_BTC,1.08,0.306,,,
L5_UPC,L23_CHC,2.46,1.31,,,
L5_UPC,L23_DBC,1.15,0.433,,,
L5_UPC,L23_LBC,1.08,0.306,,,
L5_UPC,L23_MC,2.13,1.17,,,
L5_UPC,L23_NBC,1.16,0.484,,,
L5_UPC,L23_NGC,1.18,0.517,,,
L5_UPC,L23_SBC,1.05,0.218,,,
L5_UPC,L2_IPC,2.91,1.46,,,
L5_UPC,L2_TPC:A,2.64,1.06,,,
L5_UPC,L2_TPC:B,2.8,1.1,,,
L5_UPC,L3_TPC:A,2.88,1.24,,,
L5_UPC,L3_TPC:C,2.97,1.35,,,
L5_UPC,L4_BP,1.12,0.496,,,
L5_UPC,L4_BTC,1.07,0.381,,,
L5_UPC,L4_CHC,2.3,0.794,,,
L5_UPC,L4_DBC,1.08,0.306,,,
L5_UPC,L4_LBC,1.72,0.917,,,
L5_UPC,L4_MC,4.04,1.85,,,
L5_UPC,L4_NBC,2.72,1.17,,,
L5_UPC,L4_NGC,1.05,0.218,,,
L5_UPC,L4_SBC,2.42,1.27,,,
L5_UPC,L4_SSC,2.75,1.06,,,
L5_UPC,L4_TPC,2.98,1.22,,,
L5_UPC,L4_UPC,2.53,0.866,,,
L5_UPC,L5_BP,1.1,0.332,,,
L5_UPC,L5_BTC,6.1,2.69,,,
L5_UPC,L5_CHC,5.37,2.29,,,
L5_UPC,L5_DBC,1.11,0.34299999999999997,,,
L5_UPC,L5_LBC,5.99,2.55,,,
L5_UPC,L5_MC,6.43,2.67,,,
L5_UPC,L5_NBC,5.66,2.71,,,
L5_UPC,L5_NGC,1.14,0.44799999999999995,,,
L5_UPC,L5_SBC,6.69,3.14,,,
L5_UPC,L5_TPC:A,5.41,2.68,,,
L5_UPC,L5_TPC:B,5.52,3.01,,,
L5_UPC,L5_TPC:C,4.08,1.89,,,
L5_UPC,L5_UPC,4.22,1.62,,,
L5_UPC,L6_BP,1.08,0.271,,,
L5_UPC,L6_BPC,2.92,1.29,,,
L5_UPC,L6_BTC,4.17,2.17,,,
L5_UPC,L6_CHC,1.2,0.49,,,
L5_UPC,L6_DBC,1.11,0.397,,,
L5_UPC,L6_HPC,3.02,1.28,,,
L5_UPC,L6_IPC,2.86,1.28,,,
L5_UPC,L6_LBC,4.19,2.09,,,
L5_UPC,L6_MC,3.83,1.75,,,
L5_UPC,L6_NBC,3.08,1.37,,,
L5_UPC,L6_NGC,1.06,0.237,,,
L5_UPC,L6_SBC,2.27,1.18,,,
L5_UPC,L6_TPC:A,3.27,1.91,,,
L5_UPC,L6_TPC:C,3.36,1.55,,,
L5_UPC,L6_UPC,2.86,1.1,,,
L6_BP,L23_BTC,1.12,0.331,,,
L6_BP,L23_DBC,1.0,0.0,,,
L6_BP,L23_LBC,2.2,0.4,,,
L6_BP,L23_MC,7.5,6.65,,,
L6_BP,L23_NBC,1.09,0.287,,,
L6_BP,L23_NGC,4.0,0.0,,,
L6_BP,L2_IPC,1.0,0.0,,,
L6_BP,L3_TPC:A,1.12,0.382,,,
L6_BP,L3_TPC:C,1.12,0.382,,,
L6_BP,L4_BP,1.15,0.361,,,
L6_BP,L4_BTC,4.83,3.8,,,
L6_BP,L4_CHC,5.5,1.5,,,
L6_BP,L4_LBC,3.45,2.41,,,
L6_BP,L4_MC,4.12,3.0,,,
L6_BP,L4_NBC,3.9,2.23,,,
L6_BP,L4_NGC,1.0,0.0,,,
L6_BP,L4_SBC,2.0,0.0,,,
L6_BP,L4_SSC,1.12,0.325,,,
L6_BP,L4_TPC,1.25,0.606,,,
L6_BP,L4_UPC,1.23,0.63,,,
L6_BP,L5_BP,1.0,0.0,,,
L6_BP,L5_BTC,6.76,3.98,,,
L6_BP,L5_CHC,5.83,2.34,,,
L6_BP,L5_DBC,1.25,0.555,,,
L6_BP,L5_LBC,6.16,3.41,,,
L6_BP,L5_MC,7.04,3.73,,,
L6_BP,L5_NBC,6.76,5.59,,,
L6_BP,L5_NGC,2.6,1.02,,,
L6_BP,L5_SBC,9.18,4.81,,,
L6_BP,L5_TPC:A,7.09,3.91,,,
L6_BP,L5_TPC:B,9.85,5.84,,,
L6_BP,L5_TPC:C,7.6,4.37,,,
L6_BP,L5_UPC,6.23,3.22,,,
L6_BP,L6_BP,1.07,0.249,,,
L6_BP,L6_BPC,9.03,3.55,,,
L6_BP,L6_BTC,8.92,4.93,,,
L6_BP,L6_CHC,8.12,2.83,,,
L6_BP,L6_DBC,3.36,1.62,,,
L6_BP,L6_HPC,6.73,3.24,,,
L6_BP,L6_IPC,8.03,3.59,,,
L6_BP,L6_LBC,8.13,3.6,,,
L6_BP,L6_MC,7.88,4.04,,,
L6_BP,L6_NBC,7.9,4.11,,,
L6_BP,L6_NGC,5.67,2.59,,,
L6_BP,L6_SBC,7.49,2.32,,,
L6_BP,L6_TPC:A,8.98,3.85,,,
L6_BP,L6_TPC:C,11.3,5.44,,,
L6_BP,L6_UPC,9.79,4.68,,,
L6_BPC,L1_DAC,1.21,0.515,,,
L6_BPC,L1_HAC,1.07,0.292,,,
L6_BPC,L1_LAC,1.12,0.386,,,
L6_BPC,L1_NGC-DA,2.18,0.9690000000000001,,,
L6_BPC,L1_NGC-SA,1.17,0.524,,,
L6_BPC,L1_SAC,1.06,0.235,,,
L6_BPC,L23_BP,1.17,0.373,,,
L6_BPC,L23_BTC,1.16,0.46299999999999997,,,
L6_BPC,L23_CHC,1.18,0.645,,,
L6_BPC,L23_DBC,1.18,0.564,,,
L6_BPC,L23_LBC,1.1,0.3,,,
L6_BPC,L23_MC,1.1,0.361,,,
L6_BPC,L23_NBC,1.08,0.306,,,
L6_BPC,L23_NGC,1.12,0.36700000000000005,,,
L6_BPC,L23_SBC,1.15,0.456,,,
L6_BPC,L2_IPC,2.58,1.12,,,
L6_BPC,L2_TPC:A,2.56,1.06,,,
L6_BPC,L2_TPC:B,2.69,1.25,,,
L6_BPC,L3_TPC:A,2.43,0.84,,,
L6_BPC,L3_TPC:C,2.47,0.754,,,
L6_BPC,L4_BP,1.16,0.644,,,
L6_BPC,L4_BTC,1.17,0.44799999999999995,,,
L6_BPC,L4_CHC,1.12,0.40700000000000003,,,
L6_BPC,L4_DBC,1.09,0.319,,,
L6_BPC,L4_LBC,1.07,0.255,,,
L6_BPC,L4_MC,1.14,0.4,,,
L6_BPC,L4_NBC,1.05,0.218,,,
L6_BPC,L4_NGC,1.07,0.324,,,
L6_BPC,L4_SBC,1.08,0.271,,,
L6_BPC,L4_SSC,2.79,1.72,,,
L6_BPC,L4_TPC,2.7,1.0,,,
L6_BPC,L4_UPC,2.66,1.26,,,
L6_BPC,L5_BP,1.07,0.292,,,
L6_BPC,L5_BTC,1.46,0.741,,,
L6_BPC,L5_CHC,1.09,0.28600000000000003,,,
L6_BPC,L5_DBC,1.07,0.292,,,
L6_BPC,L5_LBC,2.24,0.8009999999999999,,,
L6_BPC,L5_MC,2.04,0.9259999999999999,,,
L6_BPC,L5_NBC,1.13,0.391,,,
L6_BPC,L5_NGC,1.16,0.441,,,
L6_BPC,L5_SBC,2.68,1.06,,,
L6_BPC,L5_TPC:A,3.23,1.38,,,
L6_BPC,L5_TPC:B,3.83,1.6,,,
L6_BPC,L5_TPC:C,3.08,1.27,,,
L6_BPC,L5_UPC,2.83,1.18,,,
L6_BPC,L6_BP,1.05,0.26,,,
L6_BPC,L6_BPC,4.16,2.34,,,
L6_BPC,L6_BTC,4.94,2.46,,,
L6_BPC,L6_CHC,4.27,2.24,,,
L6_BPC,L6_DBC,1.23,0.6459999999999999,,,
L6_BPC,L6_HPC,3.77,2.41,,,
L6_BPC,L6_IPC,2.93,1.31,,,
L6_BPC,L6_LBC,4.53,2.09,,,
L6_BPC,L6_MC,5.24,2.88,,,
L6_BPC,L6_NBC,5.27,2.65,,,
L6_BPC,L6_NGC,1.16,0.484,,,
L6_BPC,L6_SBC,3.2,1.48,,,
L6_BPC,L6_TPC:A,3.81,1.79,,,
L6_BPC,L6_TPC:C,3.91,1.76,,,
L6_BPC,L6_UPC,3.79,2.02,,,
L6_BTC,L23_BTC,1.04,0.203,,,
L6_BTC,L23_CHC,3.5,0.5,,,
L6_BTC,L23_DBC,1.2,0.4,,,
L6_BTC,L23_LBC,1.08,0.344,,,
L6_BTC,L23_MC,1.1,0.41200000000000003,,,
L6_BTC,L23_NBC,1.11,0.309,,,
L6_BTC,L23_NGC,1.0,0.0,,,
L6_BTC,L23_SBC,1.0,0.0,,,
L6_BTC,L2_IPC,1.0,0.0,,,
L6_BTC,L3_TPC:A,1.03,0.171,,,
L6_BTC,L3_TPC:C,1.04,0.196,,,
L6_BTC,L4_BP,1.17,0.5670000000000001,,,
L6_BTC,L4_BTC,4.77,2.38,,,
L6_BTC,L4_CHC,4.78,0.9159999999999999,,,
L6_BTC,L4_DBC,1.17,0.5,,,
L6_BTC,L4_LBC,5.38,2.84,,,
L6_BTC,L4_MC,5.6,2.62,,,
L6_BTC,L4_NBC,4.25,1.79,,,
L6_BTC,L4_NGC,1.19,0.527,,,
L6_BTC,L4_SBC,4.62,2.78,,,
L6_BTC,L4_SSC,1.89,0.8109999999999999,,,
L6_BTC,L4_TPC,5.03,2.01,,,
L6_BTC,L4_UPC,4.02,1.84,,,
L6_BTC,L5_BP,1.12,0.431,,,
L6_BTC,L5_BTC,11.5,4.81,,,
L6_BTC,L5_CHC,11.4,4.47,,,
L6_BTC,L5_DBC,5.41,2.13,,,
L6_BTC,L5_LBC,12.6,5.75,,,
L6_BTC,L5_MC,12.3,6.28,,,
L6_BTC,L5_NBC,12.4,7.5,,,
L6_BTC,L5_NGC,7.01,4.23,,,
L6_BTC,L5_SBC,14.5,7.58,,,
L6_BTC,L5_TPC:A,19.8,11.5,,,
L6_BTC,L5_TPC:B,21.0,12.0,,,
L6_BTC,L5_TPC:C,16.3,8.06,,,
L6_BTC,L5_UPC,15.4,7.86,,,
L6_BTC,L6_BP,2.67,1.18,,,
L6_BTC,L6_BPC,14.3,6.21,,,
L6_BTC,L6_BTC,15.8,9.54,,,
L6_BTC,L6_CHC,12.1,5.35,,,
L6_BTC,L6_DBC,7.87,4.91,,,
L6_BTC,L6_HPC,13.7,5.75,,,
L6_BTC,L6_IPC,17.0,10.4,,,
L6_BTC,L6_LBC,13.1,7.89,,,
L6_BTC,L6_MC,14.0,7.13,,,
L6_BTC,L6_NBC,13.2,5.85,,,
L6_BTC,L6_NGC,7.86,3.09,,,
L6_BTC,L6_SBC,12.1,4.88,,,
L6_BTC,L6_TPC:A,19.3,8.59,15.0,7.1,54.81198215423838
L6_BTC,L6_TPC:C,18.8,9.11,15.0,7.1,46.884639111659475
L6_BTC,L6_UPC,14.0,7.18,,,
L6_CHC,L5_TPC:A,5.69,4.63,,,
L6_CHC,L5_TPC:B,5.45,5.2,,,
L6_CHC,L5_TPC:C,5.33,4.78,,,
L6_CHC,L5_UPC,4.59,3.53,,,
L6_CHC,L6_BPC,3.61,3.18,,,
L6_CHC,L6_HPC,4.46,3.85,,,
L6_CHC,L6_IPC,4.4,7.08,,,
L6_CHC,L6_TPC:A,3.08,2.27,,,
L6_CHC,L6_TPC:C,2.82,2.22,,,
L6_CHC,L6_UPC,2.93,2.16,,,
L6_DBC,L1_DAC,4.6,1.85,,,
L6_DBC,L1_HAC,6.0,1.41,,,
L6_DBC,L1_LAC,7.5,3.5,,,
L6_DBC,L1_NGC-DA,7.67,0.47100000000000003,,,
L6_DBC,L1_NGC-SA,6.33,1.25,,,
L6_DBC,L1_SAC,5.33,0.47100000000000003,,,
L6_DBC,L23_BP,2.5,0.5,,,
L6_DBC,L23_BTC,6.39,3.55,,,
L6_DBC,L23_CHC,7.5,0.5,,,
L6_DBC,L23_DBC,1.09,0.287,,,
L6_DBC,L23_LBC,7.56,2.74,,,
L6_DBC,L23_MC,8.5,3.76,,,
L6_DBC,L23_NBC,7.72,2.71,,,
L6_DBC,L23_NGC,5.4,2.24,,,
L6_DBC,L23_SBC,8.0,3.0,,,
L6_DBC,L2_IPC,8.41,2.31,,,
L6_DBC,L2_TPC:A,6.19,1.83,,,
L6_DBC,L2_TPC:B,8.62,2.83,,,
L6_DBC,L3_TPC:A,8.0,3.04,,,
L6_DBC,L3_TPC:C,7.18,2.32,,,
L6_DBC,L4_BP,1.0,0.0,,,
L6_DBC,L4_BTC,9.71,2.49,,,
L6_DBC,L4_CHC,4.0,0.0,,,
L6_DBC,L4_DBC,3.0,0.0,,,
L6_DBC,L4_LBC,8.36,3.7,,,
L6_DBC,L4_MC,8.59,2.19,,,
L6_DBC,L4_NBC,9.95,6.27,,,
L6_DBC,L4_NGC,5.5,1.5,,,
L6_DBC,L4_SBC,6.67,1.7,,,
L6_DBC,L4_SSC,6.85,2.67,,,
L6_DBC,L4_TPC,8.54,2.93,,,
L6_DBC,L4_UPC,7.68,3.65,,,
L6_DBC,L5_BP,1.07,0.359,,,
L6_DBC,L5_BTC,10.7,4.62,,,
L6_DBC,L5_CHC,8.4,1.02,,,
L6_DBC,L5_DBC,4.83,2.14,,,
L6_DBC,L5_LBC,10.6,5.53,,,
L6_DBC,L5_MC,11.7,6.32,,,
L6_DBC,L5_NBC,11.8,7.42,,,
L6_DBC,L5_NGC,5.43,1.76,,,
L6_DBC,L5_SBC,12.3,8.09,,,
L6_DBC,L5_TPC:A,17.5,9.45,,,
L6_DBC,L5_TPC:B,18.6,11.8,,,
L6_DBC,L5_TPC:C,15.9,9.13,,,
L6_DBC,L5_UPC,12.8,5.66,,,
L6_DBC,L6_BP,1.05,0.26,,,
L6_DBC,L6_BPC,12.2,5.04,,,
L6_DBC,L6_BTC,12.5,4.3,,,
L6_DBC,L6_CHC,11.5,4.8,,,
L6_DBC,L6_DBC,6.22,3.28,,,
L6_DBC,L6_HPC,12.8,6.48,,,
L6_DBC,L6_IPC,12.5,5.3,,,
L6_DBC,L6_LBC,12.3,6.0,,,
L6_DBC,L6_MC,12.3,6.01,,,
L6_DBC,L6_NBC,11.8,6.17,,,
L6_DBC,L6_NGC,7.21,2.51,,,
L6_DBC,L6_SBC,10.6,4.33,,,
L6_DBC,L6_TPC:A,13.5,5.65,,,
L6_DBC,L6_TPC:C,15.2,5.79,,,
L6_DBC,L6_UPC,14.2,6.15,,,
L6_HPC,L1_DAC,1.08,0.306,,,
L6_HPC,L1_HAC,1.17,0.491,,,
L6_HPC,L1_LAC,1.09,0.319,,,
L6_HPC,L1_NGC-DA,1.1,0.3,,,
L6_HPC,L1_NGC-SA,1.07,0.324,,,
L6_HPC,L1_SAC,1.09,0.28600000000000003,,,
L6_HPC,L23_BP,1.06,0.237,,,
L6_HPC,L23_BTC,1.15,0.384,,,
L6_HPC,L23_CHC,2.71,1.15,,,
L6_HPC,L23_DBC,1.09,0.402,,,
L6_HPC,L23_LBC,1.84,1.03,,,
L6_HPC,L23_MC,2.55,1.18,,,
L6_HPC,L23_NBC,1.08,0.271,,,
L6_HPC,L23_NGC,1.09,0.28600000000000003,,,
L6_HPC,L23_SBC,1.09,0.319,,,
L6_HPC,L2_IPC,2.91,1.24,,,
L6_HPC,L2_TPC:A,2.64,0.995,,,
L6_HPC,L2_TPC:B,2.84,1.7,,,
L6_HPC,L3_TPC:A,2.64,1.4,,,
L6_HPC,L3_TPC:C,2.58,0.982,,,
L6_HPC,L4_BP,1.13,0.611,,,
L6_HPC,L4_BTC,1.22,0.5579999999999999,,,
L6_HPC,L4_CHC,1.09,0.377,,,
L6_HPC,L4_DBC,1.11,0.371,,,
L6_HPC,L4_LBC,1.13,0.391,,,
L6_HPC,L4_MC,1.13,0.391,,,
L6_HPC,L4_NBC,1.07,0.255,,,
L6_HPC,L4_NGC,1.03,0.222,,,
L6_HPC,L4_SBC,1.1,0.3,,,
L6_HPC,L4_SSC,2.61,1.29,,,
L6_HPC,L4_TPC,2.6,1.01,,,
L6_HPC,L4_UPC,2.62,1.02,,,
L6_HPC,L5_BP,1.2,0.583,,,
L6_HPC,L5_BTC,2.62,1.24,,,
L6_HPC,L5_CHC,1.11,0.34299999999999997,,,
L6_HPC,L5_DBC,1.1,0.361,,,
L6_HPC,L5_LBC,1.12,0.325,,,
L6_HPC,L5_MC,1.12,0.354,,,
L6_HPC,L5_NBC,1.05,0.218,,,
L6_HPC,L5_NGC,1.14,0.4,,,
L6_HPC,L5_SBC,2.9,1.28,,,
L6_HPC,L5_TPC:A,3.69,1.89,,,
L6_HPC,L5_TPC:B,4.13,1.75,,,
L6_HPC,L5_TPC:C,2.87,1.17,,,
L6_HPC,L5_UPC,3.0,1.36,,,
L6_HPC,L6_BP,1.1,0.361,,,
L6_HPC,L6_BPC,3.16,1.4,,,
L6_HPC,L6_BTC,4.05,1.63,,,
L6_HPC,L6_CHC,2.83,1.1,,,
L6_HPC,L6_DBC,1.09,0.319,,,
L6_HPC,L6_HPC,2.92,1.4,,,
L6_HPC,L6_IPC,3.18,1.45,,,
L6_HPC,L6_LBC,2.72,1.03,,,
L6_HPC,L6_MC,4.43,1.87,,,
L6_HPC,L6_NBC,3.4,2.39,,,
L6_HPC,L6_NGC,1.06,0.276,,,
L6_HPC,L6_SBC,2.35,0.887,,,
L6_HPC,L6_TPC:A,3.3,1.57,,,
L6_HPC,L6_TPC:C,3.64,1.62,,,
L6_HPC,L6_UPC,3.12,1.19,,,
L6_IPC,L1_DAC,1.11,0.34299999999999997,,,
L6_IPC,L1_HAC,1.1,0.332,,,
L6_IPC,L1_LAC,1.11,0.34299999999999997,,,
L6_IPC,L1_NGC-DA,1.33,0.664,,,
L6_IPC,L1_NGC-SA,1.12,0.382,,,
L6_IPC,L1_SAC,1.2,0.529,,,
L6_IPC,L23_BP,1.1,0.387,,,
L6_IPC,L23_BTC,1.13,0.41600000000000004,,,
L6_IPC,L23_CHC,1.64,0.9540000000000001,,,
L6_IPC,L23_DBC,1.07,0.292,,,
L6_IPC,L23_LBC,1.08,0.337,,,
L6_IPC,L23_MC,1.07,0.381,,,
L6_IPC,L23_NBC,1.09,0.319,,,
L6_IPC,L23_NGC,1.07,0.292,,,
L6_IPC,L23_SBC,1.09,0.28600000000000003,,,
L6_IPC,L2_IPC,2.68,1.24,,,
L6_IPC,L2_TPC:A,2.64,1.09,,,
L6_IPC,L2_TPC:B,2.62,1.07,,,
L6_IPC,L3_TPC:A,2.75,1.58,,,
L6_IPC,L3_TPC:C,2.75,1.11,,,
L6_IPC,L4_BP,1.08,0.337,,,
L6_IPC,L4_BTC,1.15,0.517,,,
L6_IPC,L4_CHC,1.12,0.40700000000000003,,,
L6_IPC,L4_DBC,1.17,0.44799999999999995,,,
L6_IPC,L4_LBC,1.19,0.523,,,
L6_IPC,L4_MC,1.1,0.3,,,
L6_IPC,L4_NBC,1.16,0.39299999999999996,,,
L6_IPC,L4_NGC,1.18,0.517,,,
L6_IPC,L4_SBC,1.14,0.4,,,
L6_IPC,L4_SSC,2.93,1.84,,,
L6_IPC,L4_TPC,2.85,1.53,,,
L6_IPC,L4_UPC,2.6,0.97,,,
L6_IPC,L5_BP,1.14,0.44799999999999995,,,
L6_IPC,L5_BTC,2.76,1.18,,,
L6_IPC,L5_CHC,1.2,0.6779999999999999,,,
L6_IPC,L5_DBC,1.09,0.319,,,
L6_IPC,L5_LBC,1.27,0.733,,,
L6_IPC,L5_MC,3.02,1.9,,,
L6_IPC,L5_NBC,1.17,0.401,,,
L6_IPC,L5_NGC,1.07,0.292,,,
L6_IPC,L5_SBC,4.17,2.11,,,
L6_IPC,L5_TPC:A,3.99,1.67,,,
L6_IPC,L5_TPC:B,4.4,1.86,,,
L6_IPC,L5_TPC:C,3.56,1.9,,,
L6_IPC,L5_UPC,3.43,1.73,,,
L6_IPC,L6_BP,1.06,0.276,,,
L6_IPC,L6_BPC,3.87,1.84,,,
L6_IPC,L6_BTC,6.1,5.68,,,
L6_IPC,L6_CHC,5.46,2.77,,,
L6_IPC,L6_DBC,1.12,0.40700000000000003,,,
L6_IPC,L6_HPC,3.74,1.43,,,
L6_IPC,L6_IPC,3.4,1.46,,,
L6_IPC,L6_LBC,4.69,2.11,,,
L6_IPC,L6_MC,5.29,2.71,,,
L6_IPC,L6_NBC,3.0,1.41,,,
L6_IPC,L6_NGC,1.23,0.598,,,
L6_IPC,L6_SBC,3.98,1.99,,,
L6_IPC,L6_TPC:A,4.54,2.21,,,
L6_IPC,L6_TPC:C,4.21,1.99,,,
L6_IPC,L6_UPC,3.58,1.46,,,
L6_LBC,L1_DAC,1.33,0.5770000000000001,,,
L6_LBC,L1_HAC,1.0,0.0,,,
L6_LBC,L1_LAC,1.0,0.0,,,
L6_LBC,L1_NGC-DA,1.41,0.691,,,
L6_LBC,L1_NGC-SA,1.0,0.0,,,
L6_LBC,L1_SAC,1.18,0.513,,,
L6_LBC,L23_BP,1.0,0.0,,,
L6_LBC,L23_BTC,6.92,3.86,,,
L6_LBC,L23_CHC,6.6,1.85,,,
L6_LBC,L23_DBC,1.09,0.32,,,
L6_LBC,L23_LBC,7.46,3.99,,,
L6_LBC,L23_MC,7.19,3.06,,,
L6_LBC,L23_NBC,7.83,4.83,,,
L6_LBC,L23_NGC,4.44,1.74,,,
L6_LBC,L23_SBC,6.11,2.22,,,
L6_LBC,L2_IPC,4.64,2.38,,,
L6_LBC,L2_TPC:A,1.16,0.441,,,
L6_LBC,L2_TPC:B,2.61,0.948,,,
L6_LBC,L3_TPC:A,8.1,3.16,,,
L6_LBC,L3_TPC:C,8.32,4.34,,,
L6_LBC,L4_BP,1.11,0.467,,,
L6_LBC,L4_BTC,6.88,3.7,,,
L6_LBC,L4_CHC,6.71,3.19,,,
L6_LBC,L4_DBC,2.59,1.05,,,
L6_LBC,L4_LBC,7.15,3.56,,,
L6_LBC,L4_MC,7.78,5.1,,,
L6_LBC,L4_NBC,7.38,3.15,,,
L6_LBC,L4_NGC,5.21,2.35,,,
L6_LBC,L4_SBC,7.94,4.14,,,
L6_LBC,L4_SSC,7.34,3.84,,,
L6_LBC,L4_TPC,8.84,4.1,,,
L6_LBC,L4_UPC,8.25,5.07,,,
L6_LBC,L5_BP,1.09,0.28600000000000003,,,
L6_LBC,L5_BTC,9.51,3.57,,,
L6_LBC,L5_CHC,10.2,4.16,,,
L6_LBC,L5_DBC,4.01,1.79,,,
L6_LBC,L5_LBC,10.6,4.68,,,
L6_LBC,L5_MC,9.44,4.04,,,
L6_LBC,L5_NBC,11.0,6.5,,,
L6_LBC,L5_NGC,4.32,1.61,,,
L6_LBC,L5_SBC,10.4,3.51,,,
L6_LBC,L5_TPC:A,16.3,9.43,,,
L6_LBC,L5_TPC:B,17.4,10.0,,,
L6_LBC,L5_TPC:C,13.2,6.65,,,
L6_LBC,L5_UPC,15.3,8.24,,,
L6_LBC,L6_BP,1.1,0.332,,,
L6_LBC,L6_BPC,14.3,6.65,,,
L6_LBC,L6_BTC,14.2,5.51,,,
L6_LBC,L6_CHC,11.6,4.35,,,
L6_LBC,L6_DBC,5.65,2.08,,,
L6_LBC,L6_HPC,13.2,4.21,,,
L6_LBC,L6_IPC,14.0,7.04,,,
L6_LBC,L6_LBC,12.1,4.44,,,
L6_LBC,L6_MC,14.0,6.77,,,
L6_LBC,L6_NBC,12.1,4.8,,,
L6_LBC,L6_NGC,6.69,2.27,,,
L6_LBC,L6_SBC,11.1,4.87,,,
L6_LBC,L6_TPC:A,14.7,6.46,,,
L6_LBC,L6_TPC:C,15.0,7.38,,,
L6_LBC,L6_UPC,13.3,4.83,,,
L6_MC,L1_DAC,2.97,1.32,,,
L6_MC,L1_HAC,4.33,1.7,,,
L6_MC,L1_LAC,4.29,2.25,,,
L6_MC,L1_NGC-DA,4.71,1.91,,,
L6_MC,L1_NGC-SA,4.4,2.33,,,
L6_MC,L1_SAC,3.16,1.7,,,
L6_MC,L23_BP,1.09,0.284,,,
L6_MC,L23_BTC,5.4,2.03,,,
L6_MC,L23_CHC,6.64,3.37,,,
L6_MC,L23_DBC,1.12,0.475,,,
L6_MC,L23_LBC,5.55,2.41,,,
L6_MC,L23_MC,6.27,2.57,,,
L6_MC,L23_NBC,4.93,2.46,,,
L6_MC,L23_NGC,1.16,0.441,,,
L6_MC,L23_SBC,4.78,2.26,,,
L6_MC,L2_IPC,5.94,1.86,,,
L6_MC,L2_TPC:A,4.48,1.93,,,
L6_MC,L2_TPC:B,5.98,2.0,,,
L6_MC,L3_TPC:A,6.4,3.56,,,
L6_MC,L3_TPC:C,5.73,3.1,,,
L6_MC,L4_BP,1.18,0.517,,,
L6_MC,L4_BTC,6.81,3.03,,,
L6_MC,L4_CHC,8.73,2.68,,,
L6_MC,L4_DBC,2.55,0.993,,,
L6_MC,L4_LBC,8.12,2.94,,,
L6_MC,L4_MC,8.58,3.11,,,
L6_MC,L4_NBC,8.13,3.17,,,
L6_MC,L4_NGC,4.33,2.58,,,
L6_MC,L4_SBC,8.24,3.09,,,
L6_MC,L4_SSC,7.24,3.28,,,
L6_MC,L4_TPC,8.82,3.66,,,
L6_MC,L4_UPC,7.46,3.01,,,
L6_MC,L5_BP,1.07,0.255,,,
L6_MC,L5_BTC,9.66,5.31,,,
L6_MC,L5_CHC,7.73,2.72,,,
L6_MC,L5_DBC,1.47,0.7929999999999999,,,
L6_MC,L5_LBC,8.19,3.04,,,
L6_MC,L5_MC,8.44,3.78,,,
L6_MC,L5_NBC,8.9,3.93,,,
L6_MC,L5_NGC,3.58,1.44,,,
L6_MC,L5_SBC,9.58,4.0,,,
L6_MC,L5_TPC:A,14.6,6.74,,,
L6_MC,L5_TPC:B,14.2,5.5,,,
L6_MC,L5_TPC:C,11.6,6.15,,,
L6_MC,L5_UPC,10.9,4.71,,,
L6_MC,L6_BP,1.2,0.447,,,
L6_MC,L6_BPC,10.4,4.31,,,
L6_MC,L6_BTC,10.1,4.04,,,
L6_MC,L6_CHC,7.96,2.56,,,
L6_MC,L6_DBC,3.13,1.47,,,
L6_MC,L6_HPC,10.3,4.86,,,
L6_MC,L6_IPC,9.65,4.35,,,
L6_MC,L6_LBC,9.81,3.95,,,
L6_MC,L6_MC,8.91,3.85,,,
L6_MC,L6_NBC,9.08,3.0,,,
L6_MC,L6_NGC,4.32,1.93,,,
L6_MC,L6_SBC,8.33,3.44,,,
L6_MC,L6_TPC:A,10.3,4.0,,,
L6_MC,L6_TPC:C,10.7,4.43,,,
L6_MC,L6_UPC,11.5,4.81,,,
L6_NBC,L23_BTC,1.11,0.314,,,
L6_NBC,L23_LBC,2.6,0.7120000000000001,,,
L6_NBC,L23_MC,1.05,0.213,,,
L6_NBC,L23_NBC,1.0,0.0,,,
L6_NBC,L3_TPC:A,1.02,0.149,,,
L6_NBC,L3_TPC:C,1.14,0.35,,,
L6_NBC,L4_BP,1.06,0.276,,,
L6_NBC,L4_BTC,3.06,1.48,,,
L6_NBC,L4_CHC,2.6,0.49,,,
L6_NBC,L4_DBC,1.0,0.0,,,
L6_NBC,L4_LBC,1.16,0.441,,,
L6_NBC,L4_MC,1.06,0.276,,,
L6_NBC,L4_NBC,1.05,0.281,,,
L6_NBC,L4_NGC,1.0,0.0,,,
L6_NBC,L4_SBC,1.0,0.0,,,
L6_NBC,L4_SSC,1.06,0.237,,,
L6_NBC,L4_TPC,1.15,0.409,,,
L6_NBC,L4_UPC,1.08,0.271,,,
L6_NBC,L5_BP,1.11,0.42200000000000004,,,
L6_NBC,L5_BTC,14.5,8.54,,,
L6_NBC,L5_CHC,10.2,4.8,,,
L6_NBC,L5_DBC,5.66,2.38,,,
L6_NBC,L5_LBC,11.3,5.07,,,
L6_NBC,L5_MC,12.9,6.46,,,
L6_NBC,L5_NBC,11.2,5.73,,,
L6_NBC,L5_NGC,6.52,3.0,,,
L6_NBC,L5_SBC,12.8,5.77,,,
L6_NBC,L5_TPC:A,22.4,12.6,,,
L6_NBC,L5_TPC:B,19.4,11.3,,,
L6_NBC,L5_TPC:C,16.7,10.2,,,
L6_NBC,L5_UPC,15.8,8.54,,,
L6_NBC,L6_BP,2.66,0.951,,,
L6_NBC,L6_BPC,18.1,11.5,,,
L6_NBC,L6_BTC,13.8,5.09,,,
L6_NBC,L6_CHC,12.4,5.33,,,
L6_NBC,L6_DBC,7.12,2.98,,,
L6_NBC,L6_HPC,15.9,8.19,,,
L6_NBC,L6_IPC,16.1,7.96,,,
L6_NBC,L6_LBC,16.2,9.1,,,
L6_NBC,L6_MC,14.2,5.58,,,
L6_NBC,L6_NBC,14.2,6.97,,,
L6_NBC,L6_NGC,8.19,2.64,,,
L6_NBC,L6_SBC,12.1,5.1,,,
L6_NBC,L6_TPC:A,17.1,8.39,,,
L6_NBC,L6_TPC:C,16.7,7.12,,,
L6_NBC,L6_UPC,15.9,7.97,,,
L6_NGC,L4_BP,1.09,0.287,,,
L6_NGC,L4_BTC,1.0,0.0,,,
L6_NGC,L4_LBC,3.5,0.5,,,
L6_NGC,L5_BP,1.11,0.45799999999999996,,,
L6_NGC,L5_BTC,9.82,4.61,,,
L6_NGC,L5_CHC,5.67,0.745,,,
L6_NGC,L5_DBC,1.12,0.321,,,
L6_NGC,L5_LBC,8.7,3.7,,,
L6_NGC,L5_MC,8.47,3.4,,,
L6_NGC,L5_NBC,7.98,3.06,,,
L6_NGC,L5_NGC,1.0,0.0,,,
L6_NGC,L5_SBC,10.3,4.58,,,
L6_NGC,L5_TPC:A,11.8,5.9,,,
L6_NGC,L5_TPC:B,12.4,6.61,,,
L6_NGC,L5_TPC:C,8.56,3.08,,,
L6_NGC,L5_UPC,8.82,2.92,,,
L6_NGC,L6_BP,2.92,1.52,,,
L6_NGC,L6_BPC,12.3,4.43,,,
L6_NGC,L6_BTC,11.8,5.26,,,
L6_NGC,L6_CHC,11.3,4.27,,,
L6_NGC,L6_DBC,6.66,4.31,,,
L6_NGC,L6_HPC,10.7,3.44,,,
L6_NGC,L6_IPC,11.9,5.13,,,
L6_NGC,L6_LBC,11.9,4.74,,,
L6_NGC,L6_MC,10.9,3.89,,,
L6_NGC,L6_NBC,11.4,4.88,,,
L6_NGC,L6_NGC,7.12,2.41,,,
L6_NGC,L6_SBC,11.0,5.21,,,
L6_NGC,L6_TPC:A,12.9,5.33,,,
L6_NGC,L6_TPC:C,13.7,5.22,,,
L6_NGC,L6_UPC,12.7,5.35,,,
L6_SBC,L23_LBC,1.67,0.943,,,
L6_SBC,L23_MC,1.0,0.0,,,
L6_SBC,L4_BP,1.05,0.213,,,
L6_SBC,L4_BTC,1.0,0.0,,,
L6_SBC,L4_CHC,1.0,0.0,,,
L6_SBC,L4_LBC,1.18,0.386,,,
L6_SBC,L4_MC,1.0,0.0,,,
L6_SBC,L4_NBC,1.0,0.0,,,
L6_SBC,L4_SSC,1.12,0.331,,,
L6_SBC,L4_TPC,1.12,0.37799999999999995,,,
L6_SBC,L4_UPC,1.11,0.314,,,
L6_SBC,L5_BP,1.13,0.384,,,
L6_SBC,L5_BTC,9.56,3.71,,,
L6_SBC,L5_CHC,9.64,3.26,,,
L6_SBC,L5_DBC,2.62,1.1,,,
L6_SBC,L5_LBC,9.5,3.47,,,
L6_SBC,L5_MC,8.31,2.52,,,
L6_SBC,L5_NBC,9.32,3.63,,,
L6_SBC,L5_NGC,4.62,1.8,,,
L6_SBC,L5_SBC,9.31,3.15,,,
L6_SBC,L5_TPC:A,16.4,8.4,,,
L6_SBC,L5_TPC:B,17.0,8.19,,,
L6_SBC,L5_TPC:C,13.9,8.01,,,
L6_SBC,L5_UPC,11.8,3.88,,,
L6_SBC,L6_BP,1.1,0.361,,,
L6_SBC,L6_BPC,12.6,5.43,,,
L6_SBC,L6_BTC,11.2,3.91,,,
L6_SBC,L6_CHC,11.6,4.58,,,
L6_SBC,L6_DBC,5.64,2.67,,,
L6_SBC,L6_HPC,12.2,5.06,,,
L6_SBC,L6_IPC,13.4,6.27,,,
L6_SBC,L6_LBC,12.3,4.65,,,
L6_SBC,L6_MC,11.1,3.84,,,
L6_SBC,L6_NBC,10.9,4.94,,,
L6_SBC,L6_NGC,6.48,2.52,,,
L6_SBC,L6_SBC,10.4,3.97,,,
L6_SBC,L6_TPC:A,12.7,4.86,,,
L6_SBC,L6_TPC:C,13.3,5.27,,,
L6_SBC,L6_UPC,12.9,5.14,,,
L6_TPC:A,L1_DAC,1.05,0.26,,,
L6_TPC:A,L1_HAC,1.1,0.361,,,
L6_TPC:A,L1_LAC,1.12,0.354,,,
L6_TPC:A,L1_NGC-DA,1.09,0.28600000000000003,,,
L6_TPC:A,L1_NGC-SA,1.17,0.511,,,
L6_TPC:A,L1_SAC,1.16,0.524,,,
L6_TPC:A,L23_BP,1.06,0.28300000000000003,,,
L6_TPC:A,L23_BTC,1.12,0.431,,,
L6_TPC:A,L23_CHC,2.16,0.924,,,
L6_TPC:A,L23_DBC,1.12,0.40700000000000003,,,
L6_TPC:A,L23_LBC,1.09,0.28600000000000003,,,
L6_TPC:A,L23_MC,1.1,0.3,,,
L6_TPC:A,L23_NBC,1.13,0.483,,,
L6_TPC:A,L23_NGC,1.06,0.276,,,
L6_TPC:A,L23_SBC,1.16,0.441,,,
L6_TPC:A,L2_IPC,2.49,0.9329999999999999,,,
L6_TPC:A,L2_TPC:A,2.47,1.02,,,
L6_TPC:A,L2_TPC:B,2.45,0.853,,,
L6_TPC:A,L3_TPC:A,2.53,0.9840000000000001,,,
L6_TPC:A,L3_TPC:C,2.88,1.55,,,
L6_TPC:A,L4_BP,1.17,0.601,,,
L6_TPC:A,L4_BTC,1.22,0.521,,,
L6_TPC:A,L4_CHC,1.11,0.371,,,
L6_TPC:A,L4_DBC,1.15,0.456,,,
L6_TPC:A,L4_LBC,1.06,0.276,,,
L6_TPC:A,L4_MC,1.1,0.3,,,
L6_TPC:A,L4_NBC,1.14,0.51,,,
L6_TPC:A,L4_NGC,1.23,0.6609999999999999,,,
L6_TPC:A,L4_SBC,1.15,0.409,,,
L6_TPC:A,L4_SSC,2.44,0.941,,,
L6_TPC:A,L4_TPC,2.5,0.8540000000000001,,,
L6_TPC:A,L4_UPC,2.4,0.7070000000000001,,,
L6_TPC:A,L5_BP,1.11,0.34299999999999997,,,
L6_TPC:A,L5_BTC,1.15,0.433,,,
L6_TPC:A,L5_CHC,1.1,0.387,,,
L6_TPC:A,L5_DBC,1.11,0.397,,,
L6_TPC:A,L5_LBC,1.09,0.28600000000000003,,,
L6_TPC:A,L5_MC,1.13,0.336,,,
L6_TPC:A,L5_NBC,1.14,0.375,,,
L6_TPC:A,L5_NGC,1.11,0.34299999999999997,,,
L6_TPC:A,L5_SBC,2.54,0.899,,,
L6_TPC:A,L5_TPC:A,3.49,1.35,,,
L6_TPC:A,L5_TPC:B,3.47,1.38,,,
L6_TPC:A,L5_TPC:C,2.77,1.05,,,
L6_TPC:A,L5_UPC,2.49,0.794,,,
L6_TPC:A,L6_BP,1.13,0.365,,,
L6_TPC:A,L6_BPC,4.49,1.96,,,
L6_TPC:A,L6_BTC,6.32,3.74,,,
L6_TPC:A,L6_CHC,5.41,2.88,,,
L6_TPC:A,L6_DBC,1.16,0.5429999999999999,,,
L6_TPC:A,L6_HPC,3.49,1.19,,,
L6_TPC:A,L6_IPC,4.09,1.91,,,
L6_TPC:A,L6_LBC,6.91,2.55,,,
L6_TPC:A,L6_MC,6.1,2.88,,,
L6_TPC:A,L6_NBC,5.43,2.42,,,
L6_TPC:A,L6_NGC,1.5,0.7140000000000001,,,
L6_TPC:A,L6_SBC,4.93,1.86,,,
L6_TPC:A,L6_TPC:A,4.81,2.69,4.2,0.8,34.95702005730656
L6_TPC:A,L6_TPC:C,5.15,2.59,4.2,0.8,56.04719764011801
L6_TPC:A,L6_UPC,3.98,1.4,,,
L6_TPC:C,L1_DAC,1.11,0.313,,,
L6_TPC:C,L1_HAC,1.1,0.3,,,
L6_TPC:C,L1_LAC,1.14,0.44799999999999995,,,
L6_TPC:C,L1_NGC-DA,1.09,0.319,,,
L6_TPC:C,L1_NGC-SA,1.15,0.425,,,
L6_TPC:C,L1_SAC,1.14,0.47700000000000004,,,
L6_TPC:C,L23_BP,1.05,0.222,,,
L6_TPC:C,L23_BTC,1.14,0.469,,,
L6_TPC:C,L23_CHC,3.34,2.23,,,
L6_TPC:C,L23_DBC,1.16,0.418,,,
L6_TPC:C,L23_LBC,1.09,0.349,,,
L6_TPC:C,L23_MC,2.49,1.07,,,
L6_TPC:C,L23_NBC,1.13,0.439,,,
L6_TPC:C,L23_NGC,1.13,0.391,,,
L6_TPC:C,L23_SBC,1.1,0.332,,,
L6_TPC:C,L2_IPC,2.74,1.1,,,
L6_TPC:C,L2_TPC:A,2.52,0.9540000000000001,,,
L6_TPC:C,L2_TPC:B,2.63,1.25,,,
L6_TPC:C,L3_TPC:A,2.56,1.04,,,
L6_TPC:C,L3_TPC:C,2.68,0.9990000000000001,,,
L6_TPC:C,L4_BP,1.1,0.3,,,
L6_TPC:C,L4_BTC,1.09,0.319,,,
L6_TPC:C,L4_CHC,1.08,0.306,,,
L6_TPC:C,L4_DBC,1.18,0.555,,,
L6_TPC:C,L4_LBC,1.13,0.483,,,
L6_TPC:C,L4_MC,1.86,0.883,,,
L6_TPC:C,L4_NBC,2.01,0.794,,,
L6_TPC:C,L4_NGC,1.09,0.319,,,
L6_TPC:C,L4_SBC,1.31,0.611,,,
L6_TPC:C,L4_SSC,2.62,0.988,,,
L6_TPC:C,L4_TPC,2.62,0.9359999999999999,,,
L6_TPC:C,L4_UPC,2.61,1.09,,,
L6_TPC:C,L5_BP,1.08,0.306,,,
L6_TPC:C,L5_BTC,2.49,0.9540000000000001,,,
L6_TPC:C,L5_CHC,2.48,1.04,,,
L6_TPC:C,L5_DBC,1.16,0.418,,,
L6_TPC:C,L5_LBC,4.01,1.41,,,
L6_TPC:C,L5_MC,2.86,1.29,,,
L6_TPC:C,L5_NBC,2.47,0.953,,,
L6_TPC:C,L5_NGC,1.08,0.306,,,
L6_TPC:C,L5_SBC,4.15,1.71,,,
L6_TPC:C,L5_TPC:A,3.78,1.62,,,
L6_TPC:C,L5_TPC:B,4.42,2.12,,,
L6_TPC:C,L5_TPC:C,3.39,1.37,,,
L6_TPC:C,L5_UPC,3.1,1.29,,,
L6_TPC:C,L6_BP,1.04,0.196,,,
L6_TPC:C,L6_BPC,3.87,1.51,,,
L6_TPC:C,L6_BTC,5.63,2.3,,,
L6_TPC:C,L6_CHC,4.8,2.42,,,
L6_TPC:C,L6_DBC,1.11,0.34299999999999997,,,
L6_TPC:C,L6_HPC,3.34,1.52,,,
L6_TPC:C,L6_IPC,3.43,1.37,,,
L6_TPC:C,L6_LBC,5.33,1.96,,,
L6_TPC:C,L6_MC,5.49,3.23,,,
L6_TPC:C,L6_NBC,5.69,3.1,,,
L6_TPC:C,L6_NGC,2.26,1.04,,,
L6_TPC:C,L6_SBC,4.21,1.74,,,
L6_TPC:C,L6_TPC:A,4.78,2.02,4.2,0.8,41.13475177304964
L6_TPC:C,L6_TPC:C,4.38,1.58,4.2,0.8,15.126050420168044
L6_TPC:C,L6_UPC,4.41,2.08,,,
L6_UPC,L1_DAC,1.0,0.0,,,
L6_UPC,L1_HAC,1.0,0.0,,,
L6_UPC,L1_LAC,1.33,0.47100000000000003,,,
L6_UPC,L1_NGC-SA,1.0,0.0,,,
L6_UPC,L1_SAC,1.0,0.0,,,
L6_UPC,L23_BP,1.07,0.258,,,
L6_UPC,L23_BTC,1.08,0.271,,,
L6_UPC,L23_CHC,1.29,0.57,,,
L6_UPC,L23_DBC,1.12,0.484,,,
L6_UPC,L23_LBC,1.11,0.397,,,
L6_UPC,L23_MC,1.05,0.218,,,
L6_UPC,L23_NBC,1.09,0.319,,,
L6_UPC,L23_NGC,1.22,0.657,,,
L6_UPC,L23_SBC,1.08,0.271,,,
L6_UPC,L2_IPC,2.59,1.13,,,
L6_UPC,L2_TPC:A,2.32,0.601,,,
L6_UPC,L2_TPC:B,2.66,1.21,,,
L6_UPC,L3_TPC:A,2.41,1.03,,,
L6_UPC,L3_TPC:C,2.71,1.24,,,
L6_UPC,L4_BP,1.08,0.306,,,
L6_UPC,L4_BTC,1.09,0.319,,,
L6_UPC,L4_CHC,1.16,0.578,,,
L6_UPC,L4_DBC,1.08,0.306,,,
L6_UPC,L4_LBC,1.07,0.255,,,
L6_UPC,L4_MC,1.42,0.7240000000000001,,,
L6_UPC,L4_NBC,1.4,0.8490000000000001,,,
L6_UPC,L4_NGC,1.1,0.297,,,
L6_UPC,L4_SBC,1.11,0.34299999999999997,,,
L6_UPC,L4_SSC,2.61,1.17,,,
L6_UPC,L4_TPC,2.82,1.19,,,
L6_UPC,L4_UPC,2.73,1.17,,,
L6_UPC,L5_BP,1.08,0.337,,,
L6_UPC,L5_BTC,1.15,0.456,,,
L6_UPC,L5_CHC,1.11,0.42200000000000004,,,
L6_UPC,L5_DBC,1.05,0.218,,,
L6_UPC,L5_LBC,1.09,0.28600000000000003,,,
L6_UPC,L5_MC,1.12,0.354,,,
L6_UPC,L5_NBC,1.22,0.521,,,
L6_UPC,L5_NGC,1.14,0.4,,,
L6_UPC,L5_SBC,1.75,0.792,,,
L6_UPC,L5_TPC:A,3.22,1.31,,,
L6_UPC,L5_TPC:B,3.31,1.43,,,
L6_UPC,L5_TPC:C,2.63,0.9129999999999999,,,
L6_UPC,L5_UPC,2.85,1.28,,,
L6_UPC,L6_BP,1.11,0.34299999999999997,,,
L6_UPC,L6_BPC,3.46,1.73,,,
L6_UPC,L6_BTC,4.74,2.36,,,
L6_UPC,L6_CHC,4.0,1.62,,,
L6_UPC,L6_DBC,1.08,0.337,,,
L6_UPC,L6_HPC,3.67,2.06,,,
L6_UPC,L6_IPC,2.87,1.1,,,
L6_UPC,L6_LBC,3.95,1.87,,,
L6_UPC,L6_MC,4.73,3.02,,,
L6_UPC,L6_NBC,4.17,1.76,,,
L6_UPC,L6_NGC,1.14,0.425,,,
L6_UPC,L6_SBC,2.7,1.53,,,
L6_UPC,L6_TPC:A,3.8,2.35,,,
L6_UPC,L6_TPC:C,3.75,1.72,,,
L6_UPC,L6_UPC,3.68,1.49,,,
